date,open,close,high,low,volume,money
2007-08-21,14.23,16.08,16.08,14.23,51429822.0,780275661.0
2007-08-22,15.42,15.33,15.83,15.0,23436814.0,362326006.0
2007-08-23,14.9,14.44,15.18,14.3,17751871.0,258855728.0
2007-08-24,14.25,14.85,14.97,14.25,9687913.0,142283218.0
2007-08-27,14.87,16.33,16.33,14.47,22609908.0,357201619.0
2007-08-28,16.6,17.96,17.96,15.99,14650718.0,254221278.0
2007-08-29,18.74,18.55,19.73,18.03,23988741.0,452809808.0
2007-08-30,18.44,17.27,18.44,16.89,12435349.0,216951541.0
2007-08-31,17.01,18.98,18.98,16.6,14750711.0,265628784.0
2007-09-03,18.83,18.52,20.11,18.5,12851015.0,245146534.0
2007-09-04,18.22,18.01,18.97,17.22,5962969.0,107652204.0
2007-09-05,17.88,18.24,18.98,17.59,6555570.0,121312326.0
2007-09-06,18.24,17.84,18.41,17.79,4867819.0,87171254.0
2007-09-07,17.79,17.32,17.98,17.22,5471788.0,95604925.0
2007-09-10,16.89,16.92,17.27,16.6,3937544.0,66075722.0
2007-09-11,16.98,16.03,17.86,15.99,4163690.0,71276004.0
2007-09-12,15.96,16.57,16.89,15.96,3908504.0,63792797.0
2007-09-13,16.63,16.78,17.17,16.33,3795956.0,63496775.0
2007-09-14,16.55,16.39,16.88,16.13,3405253.0,55711074.0
2007-09-17,16.37,16.27,16.51,16.07,3933235.0,63719349.0
2007-09-18,16.27,16.27,16.27,16.27,0.0,0.0
2007-09-19,16.94,16.39,17.22,16.37,4038721.0,67418061.0
2007-09-20,16.41,16.15,16.59,16.06,3332350.0,54163373.0
2007-09-21,16.13,16.41,16.58,15.46,4457636.0,72417472.0
2007-09-24,16.46,17.08,17.79,16.08,8401114.0,144150537.0
2007-09-25,17.03,16.3,17.03,16.08,3561333.0,58438132.0
2007-09-26,16.22,15.67,16.31,15.65,2866853.0,45290424.0
2007-09-27,15.69,15.79,16.06,15.46,1801157.0,28179228.0
2007-09-28,15.9,15.82,16.21,15.66,2796399.0,44425666.0
2007-10-08,16.11,15.52,16.12,15.51,2959468.0,46346810.0
2007-10-09,15.52,15.8,15.89,14.9,3371040.0,51586469.0
2007-10-10,15.82,16.18,16.85,15.42,6456174.0,105097534.0
2007-10-11,16.17,16.11,16.6,15.65,4804471.0,77825708.0
2007-10-12,16.11,17.4,17.69,15.89,13265437.0,222820833.0
2007-10-15,17.43,17.09,18.57,17.08,12110850.0,215761928.0
2007-10-16,17.07,16.64,17.25,16.23,4549262.0,75498345.0
2007-10-17,16.55,16.45,17.03,16.27,2365256.0,39190949.0
2007-10-18,16.45,15.84,16.6,15.8,2654280.0,42691301.0
2007-10-19,15.84,15.7,16.26,15.46,1996702.0,31422332.0
2007-10-22,15.65,14.94,15.65,14.87,1900663.0,28953369.0
2007-10-23,14.9,15.51,15.56,14.71,1886778.0,28411695.0
2007-10-24,15.51,15.19,15.61,15.09,1460960.0,22353940.0
2007-10-25,15.19,14.23,15.19,14.18,2696676.0,38911611.0
2007-10-26,14.18,13.36,14.37,12.94,1825730.0,24782217.0
2007-10-29,13.38,13.49,13.7,12.33,2564856.0,33826146.0
2007-10-30,13.65,13.76,14.02,13.28,2124137.0,29200916.0
2007-10-31,13.76,13.89,13.99,13.53,2125878.0,29189141.0
2007-11-01,14.04,13.26,14.04,13.26,1711580.0,22990741.0
2007-11-02,13.05,12.41,13.05,12.38,2137272.0,26923155.0
2007-11-05,12.33,11.82,12.41,11.4,1868658.0,22245841.0
2007-11-06,11.87,11.89,12.29,11.86,1051962.0,12613397.0
2007-11-07,11.98,12.05,12.14,11.76,1191378.0,14272894.0
2007-11-08,12.06,10.93,12.06,10.91,1728476.0,19613075.0
2007-11-09,10.85,10.51,10.85,10.07,2068536.0,21668831.0
2007-11-12,10.33,9.75,10.33,9.46,3034485.0,29529854.0
2007-11-13,9.89,10.04,10.59,9.87,2679976.0,27327266.0
2007-11-14,10.1,11.04,11.04,10.03,4385755.0,46496050.0
2007-11-15,11.29,11.5,12.07,10.86,7629792.0,88294739.0
2007-11-16,11.29,11.3,11.48,10.82,2321578.0,25831504.0
2007-11-19,11.3,11.62,11.75,11.15,2242347.0,25872628.0
2007-11-20,11.64,11.58,11.86,11.22,1773709.0,20463039.0
2007-11-21,11.29,11.12,11.79,11.04,8929511.0,101203399.0
2007-11-22,10.91,10.09,10.91,10.06,5329260.0,55441395.0
2007-11-23,10.05,10.28,10.34,9.8,4084024.0,41310490.0
2007-11-26,10.44,9.96,10.58,9.94,3980252.0,40740883.0
2007-11-27,9.95,10.06,10.39,9.51,3573315.0,35400546.0
2007-11-28,10.0,9.91,10.25,9.84,1796298.0,18005852.0
2007-11-29,10.01,10.22,10.28,9.77,2701859.0,27223093.0
2007-11-30,10.25,9.79,10.25,9.72,2307301.0,22913723.0
2007-12-03,9.68,9.73,9.89,9.63,1370929.0,13355693.0
2007-12-04,9.77,9.84,9.96,9.77,1234352.0,12161693.0
2007-12-05,9.82,10.24,10.39,9.7,3655194.0,37110494.0
2007-12-06,10.18,10.15,10.31,10.01,1979941.0,20054804.0
2007-12-07,10.15,10.46,10.52,10.15,2756758.0,28547105.0
2007-12-10,10.29,11.08,11.09,10.2,5835212.0,63184219.0
2007-12-11,11.12,10.9,11.14,10.77,3774395.0,41141792.0
2007-12-12,10.89,10.68,10.89,10.6,2713829.0,29025567.0
2007-12-13,10.63,10.47,11.0,10.45,2853591.0,30819516.0
2007-12-14,10.35,10.64,10.8,10.28,1835893.0,19267837.0
2007-12-17,10.91,10.56,10.91,10.45,2061013.0,21869218.0
2007-12-18,10.48,10.35,10.7,10.3,1106401.0,11580940.0
2007-12-19,10.41,10.66,10.74,10.41,1632585.0,17332158.0
2007-12-20,10.77,10.84,10.9,10.6,2511518.0,27072640.0
2007-12-21,10.86,11.34,11.59,10.85,7671282.0,86623029.0
2007-12-24,11.37,11.32,11.7,11.32,6233223.0,71525790.0
2007-12-25,11.33,11.46,11.52,11.29,2852598.0,32571007.0
2007-12-26,11.54,11.99,12.03,11.52,4750985.0,55819196.0
2007-12-27,12.17,12.1,12.57,12.03,6011485.0,73783547.0
2007-12-28,12.12,11.85,12.22,11.78,3871603.0,46107230.0
2008-01-02,11.75,11.92,12.08,11.62,3219690.0,38050016.0
2008-01-03,11.93,12.23,12.23,11.66,4718752.0,56265544.0
2008-01-04,12.34,12.8,13.05,12.32,7588227.0,96217177.0
2008-01-07,12.8,12.8,13.04,12.57,5195754.0,66737598.0
2008-01-08,12.81,12.35,13.02,12.19,5033105.0,63925472.0
2008-01-09,12.35,12.8,12.81,12.24,3002136.0,37645723.0
2008-01-10,12.86,13.09,13.37,12.85,5956989.0,78375322.0
2008-01-11,13.17,12.81,13.27,12.67,2751026.0,35301876.0
2008-01-14,12.81,12.7,12.86,12.53,2526444.0,32049031.0
2008-01-15,12.71,13.0,13.09,12.68,2850640.0,36764000.0
2008-01-16,12.9,12.43,12.9,12.43,2993969.0,37634228.0
2008-01-17,12.24,11.9,12.57,11.39,3303204.0,39443154.0
2008-01-18,11.91,12.26,12.48,11.62,2407275.0,28774696.0
2008-01-21,12.22,11.22,12.22,11.15,1997752.0,23456627.0
2008-01-22,11.01,10.1,11.01,10.1,3438224.0,35538349.0
2008-01-23,9.88,10.52,10.86,9.88,1992300.0,20658651.0
2008-01-24,10.58,10.5,10.77,10.3,2113645.0,22256367.0
2008-01-25,10.51,10.74,11.12,10.51,2081161.0,22606228.0
2008-01-28,10.67,9.67,10.74,9.67,2206174.0,21923241.0
2008-01-29,9.67,9.72,10.08,9.25,1190482.0,11560634.0
2008-01-30,9.86,10.08,10.33,9.77,1707216.0,17169832.0
2008-01-31,10.08,9.87,10.13,9.87,658971.0,6561924.0
2008-02-01,10.06,9.49,10.06,8.92,1316627.0,12398487.0
2008-02-04,9.54,10.44,10.44,9.54,1685987.0,17189612.0
2008-02-05,10.44,10.53,10.9,10.2,1967930.0,20898074.0
2008-02-13,10.53,10.34,10.63,10.18,701163.0,7259373.0
2008-02-14,10.53,10.43,10.57,10.28,609104.0,6338273.0
2008-02-15,10.25,10.13,10.41,9.97,566595.0,5747381.0
2008-02-18,10.34,10.38,10.46,10.2,810463.0,8411468.0
2008-02-19,10.42,10.91,11.02,10.38,2182381.0,23577485.0
2008-02-20,10.95,10.89,11.43,10.89,3032331.0,33807937.0
2008-02-21,10.68,10.88,11.05,10.53,1236831.0,13298748.0
2008-02-22,10.9,10.48,11.07,10.26,1425900.0,15272230.0
2008-02-25,10.49,9.76,10.67,9.75,1383843.0,13981700.0
2008-02-26,10.11,9.92,10.2,9.54,1030144.0,10154879.0
2008-02-27,10.02,10.06,10.15,9.94,996785.0,10038454.0
2008-02-28,10.08,10.15,10.38,10.08,857427.0,8755021.0
2008-02-29,10.15,10.23,10.39,10.1,646709.0,6627161.0
2008-03-03,10.25,10.45,10.58,10.09,1410473.0,14661568.0
2008-03-04,10.46,10.48,10.81,10.44,1488857.0,15795105.0
2008-03-05,10.4,10.19,10.44,10.02,1303218.0,13264093.0
2008-03-06,10.34,10.24,10.43,10.01,1419875.0,14559314.0
2008-03-07,10.24,10.32,10.47,10.1,1350665.0,13976229.0
2008-03-10,10.39,10.23,10.52,10.2,1740696.0,18107359.0
2008-03-11,10.06,10.0,10.15,9.76,1010364.0,10001908.0
2008-03-12,10.24,9.55,10.24,9.54,1120111.0,10973593.0
2008-03-13,9.55,9.23,9.72,8.96,1210471.0,11229241.0
2008-03-14,9.06,9.21,9.43,9.06,604914.0,5543712.0
2008-03-17,9.19,8.29,9.21,8.29,1059932.0,9136067.0
2008-03-18,8.08,7.46,8.44,7.46,1588237.0,12244643.0
2008-03-19,7.61,7.69,7.96,7.42,1099838.0,8468738.0
2008-03-20,7.68,8.07,8.16,7.04,2577382.0,19900068.0
2008-03-21,7.99,8.35,8.44,7.87,1847464.0,15130836.0
2008-03-24,8.25,7.81,8.49,7.81,1305607.0,10649938.0
2008-03-25,7.87,7.52,7.96,7.52,1049866.0,8118629.0
2008-03-26,8.19,8.27,8.27,8.09,1182223.0,9743578.0
2008-03-27,8.54,8.08,8.77,8.06,5512614.0,46659932.0
2008-03-28,7.97,8.06,8.25,7.33,3015951.0,23595263.0
2008-03-31,7.78,7.58,7.89,7.58,1559924.0,12013050.0
2008-04-01,7.6,6.82,7.88,6.82,1509282.0,10791129.0
2008-04-02,6.88,6.28,7.07,6.25,1669473.0,10891195.0
2008-04-03,6.31,6.9,6.9,6.28,2452472.0,16456939.0
2008-04-07,6.87,7.53,7.57,6.64,3206329.0,23309446.0
2008-04-08,7.54,7.42,7.72,7.21,3103180.0,23320368.0
2008-04-09,7.46,7.0,7.49,6.82,1636183.0,11920087.0
2008-04-10,6.95,7.14,7.33,6.69,1323784.0,9395074.0
2008-04-11,7.16,7.24,7.35,7.14,936015.0,6775363.0
2008-04-14,6.97,6.59,7.18,6.57,1041333.0,7094393.0
2008-04-15,6.4,6.83,6.83,6.4,828010.0,5531749.0
2008-04-16,6.83,6.67,6.88,6.55,604235.0,4061045.0
2008-04-17,6.67,6.38,6.83,6.21,783927.0,5032228.0
2008-04-18,6.36,5.96,6.36,5.93,813131.0,4947759.0
2008-04-21,6.38,5.98,6.56,5.84,1103846.0,6845507.0
2008-04-22,5.93,5.74,5.93,5.43,1010666.0,5658976.0
2008-04-23,5.5,6.24,6.32,5.5,1862127.0,11283954.0
2008-04-24,6.86,6.87,6.87,6.55,3884753.0,26425752.0
2008-04-25,6.87,7.02,7.43,6.69,3635364.0,25929806.0
2008-04-28,6.82,6.68,7.01,6.65,1647684.0,11113228.0
2008-04-29,6.69,6.64,6.82,6.61,1161217.0,7805951.0
2008-04-30,6.64,6.64,6.64,6.64,0.0,0.0
2008-05-05,7.1,7.31,7.31,6.96,1830130.0,13250919.0
2008-05-06,7.53,7.64,7.82,7.39,7463431.0,57119351.0
2008-05-07,7.52,7.13,7.77,7.13,3051990.0,22847644.0
2008-05-08,7.12,7.31,7.44,6.93,1865087.0,13292162.0
2008-05-09,7.27,7.11,7.48,6.95,2458659.0,17620177.0
2008-05-12,7.04,7.14,7.3,6.78,1960744.0,13710599.0
2008-05-13,6.95,6.86,7.12,6.76,1986052.0,13709419.0
2008-05-14,6.78,7.55,7.55,6.78,4996344.0,37060850.0
2008-05-15,7.82,7.38,7.82,7.34,5172895.0,39199128.0
2008-05-16,7.31,7.3,7.49,7.07,1959974.0,14170667.0
2008-05-19,7.14,7.44,7.54,7.13,1878595.0,13944366.0
2008-05-20,7.3,6.87,7.5,6.79,1810449.0,12959072.0
2008-05-21,6.87,7.06,7.12,6.31,2236868.0,14950851.0
2008-05-22,7.0,7.02,7.06,6.79,1386261.0,9596593.0
2008-05-23,7.0,6.83,7.11,6.74,996958.0,6856039.0
2008-05-26,6.85,6.45,6.85,6.41,1113507.0,7254716.0
2008-05-27,6.54,6.54,6.64,6.45,665590.0,4337284.0
2008-05-28,6.61,6.74,6.84,6.51,963126.0,6455864.0
2008-05-29,6.75,6.53,6.8,6.53,681502.0,4534680.0
2008-05-30,6.44,6.53,6.61,6.41,532808.0,3457261.0
2008-06-02,6.57,6.65,6.7,6.49,852326.0,5645778.0
2008-06-03,6.57,6.58,6.69,6.44,609024.0,3973740.0
2008-06-04,6.41,6.39,6.58,6.29,586576.0,3732947.0
2008-06-05,6.32,6.39,6.51,6.31,598574.0,3830087.0
2008-06-06,6.36,6.53,6.61,6.27,1263714.0,8151067.0
2008-06-10,6.22,5.88,6.31,5.88,1167594.0,7014777.0
2008-06-11,5.73,5.61,5.75,5.54,892729.0,5044493.0
2008-06-12,5.59,5.64,5.79,5.5,838999.0,4746137.0
2008-06-13,5.62,5.46,5.74,5.45,617191.0,3425804.0
2008-06-16,5.49,5.32,5.55,5.22,634128.0,3376932.0
2008-06-17,5.37,5.34,5.65,5.27,1281931.0,6988813.0
2008-06-18,5.34,5.69,5.77,4.96,2246443.0,12459754.0
2008-06-19,5.55,5.12,5.66,5.12,1501682.0,8072426.0
2008-06-20,5.15,5.12,5.38,4.79,1428612.0,7388176.0
2008-06-23,5.05,4.82,5.06,4.74,1041014.0,5101601.0
2008-06-24,4.82,4.89,4.93,4.69,947666.0,4590828.0
2008-06-25,4.79,5.12,5.16,4.79,1339777.0,6774255.0
2008-06-26,5.05,5.63,5.63,5.0,3746831.0,20296110.0
2008-06-27,5.4,5.09,5.42,5.07,2548112.0,13240405.0
2008-06-30,5.1,5.04,5.18,4.8,966663.0,4835428.0
2008-07-01,5.05,4.93,5.12,4.84,689101.0,3450958.0
2008-07-02,4.89,5.0,5.17,4.89,966273.0,4870384.0
2008-07-03,4.97,5.16,5.34,4.83,1873195.0,9629773.0
2008-07-04,5.17,5.04,5.17,4.97,1235418.0,6259633.0
2008-07-07,5.05,5.28,5.39,5.03,1430590.0,7500412.0
2008-07-08,5.45,5.81,5.81,5.37,9833285.0,56702566.0
2008-07-09,5.81,6.08,6.14,5.64,9667844.0,56733061.0
2008-07-10,5.89,5.79,6.1,5.75,5029696.0,29748539.0
2008-07-11,6.1,6.17,6.37,5.98,8515977.0,52578284.0
2008-07-14,5.99,6.05,6.12,5.89,3470643.0,20899522.0
2008-07-15,6.1,5.81,6.16,5.65,3070621.0,17983281.0
2008-07-16,5.65,5.38,5.74,5.23,2639350.0,14425744.0
2008-07-17,5.43,5.43,5.55,5.36,2044724.0,11134286.0
2008-07-18,5.5,5.77,5.82,5.38,4885698.0,27405221.0
2008-07-21,5.65,5.87,5.96,5.47,3886415.0,22332445.0
2008-07-22,5.86,5.77,5.98,5.69,2509525.0,14616251.0
2008-07-23,5.83,5.65,5.84,5.61,1698657.0,9678328.0
2008-07-24,5.7,5.81,5.83,5.61,1774326.0,10196278.0
2008-07-25,5.74,5.86,5.9,5.63,2130987.0,12305459.0
2008-07-28,5.84,5.93,6.07,5.84,2702218.0,16154369.0
2008-07-29,5.93,6.15,6.29,5.91,5339731.0,32511718.0
2008-07-30,6.27,5.97,6.32,5.94,2313366.0,14025056.0
2008-07-31,5.97,5.88,6.12,5.73,2380768.0,14108728.0
2008-08-01,5.71,5.89,5.96,5.66,1251774.0,7261276.0
2008-08-04,5.89,5.61,5.95,5.61,858681.0,4943602.0
2008-08-05,5.54,5.23,5.62,5.21,1566271.0,8367212.0
2008-08-06,5.2,5.46,5.5,5.2,1059457.0,5664349.0
2008-08-07,5.5,5.34,5.5,5.29,759066.0,4086031.0
2008-08-08,5.36,4.93,5.36,4.88,969881.0,4983368.0
2008-08-11,4.93,4.44,5.02,4.44,1074758.0,4961210.0
2008-08-12,4.4,4.28,4.41,4.22,753573.0,3251946.0
2008-08-13,4.26,4.42,4.49,4.02,1198792.0,5123928.0
2008-08-14,4.31,4.33,4.44,4.27,631815.0,2744856.0
2008-08-15,4.42,4.38,4.6,4.28,802066.0,3555765.0
2008-08-18,4.36,3.94,4.43,3.94,869332.0,3575314.0
2008-08-19,3.88,3.93,4.05,3.72,760035.0,2965981.0
2008-08-20,3.81,4.26,4.28,3.72,1848219.0,7573237.0
2008-08-21,4.14,4.04,4.38,4.04,1231245.0,5126775.0
2008-08-22,4.0,3.94,4.06,3.83,712331.0,2801130.0
2008-08-25,3.96,3.9,4.03,3.87,557078.0,2200047.0
2008-08-26,3.89,4.1,4.21,3.73,3809398.0,15274825.0
2008-08-27,4.01,3.97,4.16,3.81,2527110.0,10069261.0
2008-08-28,3.91,3.85,3.99,3.83,1233157.0,4797817.0
2008-08-29,3.83,3.97,4.01,3.83,1717257.0,6791066.0
2008-09-01,3.97,3.82,3.97,3.81,980496.0,3769511.0
2008-09-02,3.74,3.82,3.92,3.74,845321.0,3236678.0
2008-09-03,3.82,3.82,3.82,3.82,0.0,0.0
2008-09-04,3.79,3.88,3.94,3.74,701018.0,2700711.0
2008-09-05,3.83,3.54,3.83,3.5,1197793.0,4402542.0
2008-09-08,3.58,3.33,3.59,3.32,717244.0,2454795.0
2008-09-09,3.4,3.35,3.43,3.35,502878.0,1695797.0
2008-09-10,3.33,3.36,3.46,3.25,467163.0,1573703.0
2008-09-11,3.33,3.21,3.39,3.21,552802.0,1814178.0
2008-09-12,3.29,3.25,3.34,3.21,576416.0,1883505.0
2008-09-16,3.24,3.15,3.25,3.14,638877.0,2038085.0
2008-09-17,3.18,3.03,3.21,3.01,1047837.0,3267056.0
2008-09-18,3.03,2.93,3.1,2.78,1510195.0,4398417.0
2008-09-19,3.23,3.23,3.23,3.14,1348543.0,4334857.0
2008-09-22,3.49,3.42,3.55,3.26,3281928.0,11217547.0
2008-09-23,3.35,3.16,3.35,3.14,1405975.0,4553128.0
2008-09-24,3.08,3.16,3.16,3.07,856003.0,2665942.0
2008-09-25,3.18,3.24,3.32,3.18,1409600.0,4580885.0
2008-09-26,3.25,3.21,3.26,3.16,1294412.0,4164906.0
2008-10-06,3.18,3.02,3.18,3.02,760675.0,2321180.0
2008-10-07,2.9,2.99,3.05,2.87,690331.0,2040964.0
2008-10-08,2.96,2.91,3.03,2.9,740391.0,2191314.0
2008-10-09,2.97,2.88,3.01,2.87,594352.0,1730978.0
2008-10-10,2.78,2.59,2.78,2.59,766735.0,2036910.0
2008-10-13,2.61,2.67,2.67,2.47,731574.0,1872372.0
2008-10-14,2.79,2.65,2.81,2.65,1336108.0,3666591.0
2008-10-15,2.61,2.58,2.61,2.49,665090.0,1699266.0
2008-10-16,2.48,2.39,2.49,2.37,744105.0,1809774.0
2008-10-17,2.47,2.44,2.53,2.4,383123.0,936374.0
2008-10-20,2.4,2.52,2.53,2.4,435240.0,1078378.0
2008-10-21,2.52,2.57,2.72,2.49,1356392.0,3546915.0
2008-10-22,2.51,2.48,2.56,2.46,816356.0,2041147.0
2008-10-23,2.42,2.51,2.51,2.42,419385.0,1031673.0
2008-10-24,2.53,2.47,2.57,2.46,626550.0,1567267.0
2008-10-27,2.44,2.23,2.44,2.23,840116.0,1949667.0
2008-10-28,2.22,2.33,2.33,2.15,1042522.0,2394654.0
2008-10-29,2.33,2.37,2.42,2.3,983920.0,2319099.0
2008-10-30,2.41,2.42,2.43,2.34,791189.0,1898314.0
2008-10-31,2.36,2.39,2.4,2.32,500582.0,1179472.0
2008-11-03,2.38,2.41,2.41,2.31,598530.0,1422170.0
2008-11-04,2.35,2.39,2.39,2.3,572687.0,1344108.0
2008-11-05,2.38,2.46,2.49,2.38,1098705.0,2690995.0
2008-11-06,2.43,2.37,2.43,2.34,586436.0,1388041.0
2008-11-07,2.32,2.41,2.42,2.32,650336.0,1551498.0
2008-11-10,2.45,2.6,2.61,2.41,1682021.0,4261059.0
2008-11-11,2.58,2.56,2.67,2.54,1680657.0,4347072.0
2008-11-12,2.48,2.63,2.63,2.48,1004929.0,2594885.0
2008-11-13,2.6,2.74,2.79,2.58,1940010.0,5249966.0
2008-11-14,2.74,2.93,2.98,2.69,3276486.0,9319290.0
2008-11-17,2.89,3.08,3.14,2.85,3459771.0,10470780.0
2008-11-18,3.05,2.77,3.08,2.77,2392509.0,6945458.0
2008-11-19,2.76,2.93,2.96,2.69,1983810.0,5606034.0
2008-11-20,2.82,2.91,3.03,2.82,2101496.0,6145389.0
2008-11-21,2.77,2.8,2.94,2.7,1538184.0,4312025.0
2008-11-24,2.82,2.71,2.91,2.7,1109782.0,3157521.0
2008-11-25,2.73,2.8,2.83,2.68,1022754.0,2824573.0
2008-11-26,2.78,2.81,2.83,2.73,614224.0,1713194.0
2008-11-27,3.0,2.85,3.02,2.84,1814336.0,5309099.0
2008-11-28,2.85,2.75,2.85,2.72,757332.0,2108360.0
2008-12-01,2.78,2.95,2.95,2.73,1734479.0,4957622.0
2008-12-02,2.89,3.04,3.15,2.86,4231205.0,12818327.0
2008-12-03,3.02,3.19,3.2,3.0,3460281.0,10860719.0
2008-12-04,3.25,3.11,3.33,3.07,3748124.0,12138167.0
2008-12-05,3.06,3.21,3.24,3.06,2606687.0,8192392.0
2008-12-08,3.25,3.44,3.48,3.24,3655005.0,12238562.0
2008-12-09,3.44,3.4,3.63,3.36,4825300.0,16920358.0
2008-12-10,3.35,3.4,3.45,3.21,2599766.0,8694401.0
2008-12-11,3.4,3.28,3.46,3.27,2596803.0,8724170.0
2008-12-12,3.25,3.06,3.29,2.98,2430127.0,7564895.0
2008-12-15,3.04,3.1,3.15,3.02,1216163.0,3741335.0
2008-12-16,3.04,3.14,3.14,2.93,1175694.0,3578273.0
2008-12-17,3.12,3.19,3.24,3.12,1742904.0,5576014.0
2008-12-18,3.19,3.3,3.35,3.14,1901213.0,6151424.0
2008-12-19,3.28,3.33,3.39,3.26,2064488.0,6902916.0
2008-12-22,3.33,3.41,3.44,3.25,2491871.0,8360990.0
2008-12-23,3.42,3.18,3.52,3.18,3662542.0,12407819.0
2008-12-24,3.1,3.06,3.14,3.02,1510452.0,4643540.0
2008-12-25,3.08,3.12,3.16,3.05,1425351.0,4423908.0
2008-12-26,3.12,3.1,3.17,3.09,1363473.0,4261392.0
2008-12-29,3.09,3.06,3.1,2.9,859076.0,2578863.0
2008-12-30,3.06,2.99,3.09,2.99,695506.0,2111947.0
2008-12-31,2.99,2.96,3.04,2.93,691746.0,2065618.0
2009-01-05,2.98,3.1,3.15,2.98,2015683.0,6196658.0
2009-01-06,3.09,3.19,3.2,3.09,1902926.0,6007741.0
2009-01-07,3.28,3.24,3.28,3.19,2384163.0,7714684.0
2009-01-08,3.25,3.57,3.57,3.14,8248403.0,28603614.0
2009-01-09,3.62,3.64,3.72,3.51,11050662.0,40131484.0
2009-01-12,3.54,3.69,3.9,3.53,7507777.0,28001042.0
2009-01-13,3.59,3.45,3.64,3.37,4295016.0,15005926.0
2009-01-14,3.4,3.54,3.59,3.4,3468368.0,12144425.0
2009-01-15,3.52,3.61,3.68,3.43,4987367.0,17724280.0
2009-01-16,3.64,3.56,3.68,3.55,3941891.0,14213476.0
2009-01-19,3.55,3.48,3.62,3.44,2138431.0,7514265.0
2009-01-20,3.48,3.63,3.66,3.48,3366067.0,12143843.0
2009-01-21,3.58,3.55,3.67,3.5,2047729.0,7314699.0
2009-01-22,3.55,3.58,3.61,3.51,1806596.0,6435166.0
2009-01-23,3.54,3.52,3.59,3.51,1574438.0,5566278.0
2009-02-02,3.49,3.54,3.58,3.49,1751585.0,6186258.0
2009-02-03,3.57,3.72,3.81,3.57,4920876.0,18334414.0
2009-02-04,3.73,3.79,3.79,3.66,4701586.0,17505852.0
2009-02-05,3.79,3.72,3.9,3.69,5338480.0,20307296.0
2009-02-06,3.72,3.94,4.04,3.71,5939381.0,23037374.0
2009-02-09,4.01,4.21,4.29,3.92,7957430.0,32778640.0
2009-02-10,4.16,4.32,4.43,4.03,6876077.0,29350710.0
2009-02-11,4.26,4.26,4.59,4.17,7396957.0,32520084.0
2009-02-12,4.27,4.21,4.31,3.97,4299311.0,17807250.0
2009-02-13,4.19,4.5,4.63,4.19,10503009.0,47632824.0
2009-02-16,4.45,4.6,4.64,4.37,6436980.0,29102110.0
2009-02-17,4.58,4.43,4.71,4.4,6474717.0,29463652.0
2009-02-18,4.31,4.08,4.4,4.08,4320207.0,18343010.0
2009-02-19,4.04,4.2,4.26,4.02,3505393.0,14470768.0
2009-02-20,4.14,4.33,4.38,4.07,3829879.0,16205568.0
2009-02-23,4.3,4.44,4.47,4.19,3698876.0,16212612.0
2009-02-24,4.39,4.19,4.49,4.19,4115570.0,17814750.0
2009-02-25,4.22,4.33,4.36,4.12,3326031.0,14213956.0
2009-02-26,4.4,4.04,4.53,3.9,6131831.0,26778898.0
2009-02-27,3.91,3.63,3.96,3.63,3137548.0,11729147.0
2009-03-02,3.59,3.65,3.72,3.5,1805208.0,6534048.0
2009-03-03,3.59,3.66,3.66,3.5,2258717.0,8091413.0
2009-03-04,3.69,4.0,4.02,3.66,4520051.0,17536054.0
2009-03-05,4.04,4.02,4.21,3.95,5598934.0,22748550.0
2009-03-06,3.92,3.92,4.0,3.85,2661102.0,10432302.0
2009-03-09,3.96,3.77,3.98,3.73,2564314.0,9845534.0
2009-03-10,3.69,4.1,4.11,3.69,4363140.0,17188240.0
2009-03-11,4.21,4.06,4.21,3.97,3415135.0,13785103.0
2009-03-12,4.01,4.37,4.47,3.88,6748519.0,28741932.0
2009-03-13,4.32,4.3,4.51,4.26,10858458.0,47685116.0
2009-03-16,4.22,4.26,4.3,4.09,4447652.0,18753454.0
2009-03-17,4.3,4.45,4.5,4.23,7285914.0,31875708.0
2009-03-18,4.45,4.43,4.57,4.37,8999685.0,40184996.0
2009-03-19,4.43,4.55,4.64,4.31,10334298.0,46577300.0
2009-03-20,4.55,4.79,4.88,4.55,15080289.0,71238208.0
2009-03-23,4.74,4.74,4.99,4.6,14121452.0,67755064.0
2009-03-24,4.76,4.57,4.76,4.57,8075253.0,37464196.0
2009-03-25,4.51,4.48,4.72,4.46,6607960.0,30272122.0
2009-03-26,4.58,4.67,4.69,4.31,5641050.0,25499296.0
2009-03-27,4.67,4.55,4.68,4.52,5078987.0,23348592.0
2009-03-30,4.47,4.47,4.57,4.45,2789327.0,12508438.0
2009-03-31,4.4,4.51,4.53,4.37,2750152.0,12268483.0
2009-04-01,4.55,4.64,4.72,4.53,5718609.0,26583410.0
2009-04-02,4.69,4.72,4.83,4.6,9728827.0,46226148.0
2009-04-03,4.75,4.55,4.78,4.55,4725413.0,21928010.0
2009-04-07,4.55,4.62,4.69,4.49,3398411.0,15520532.0
2009-04-08,4.62,4.37,4.62,4.37,3596843.0,16175711.0
2009-04-09,4.35,4.43,4.44,4.31,2406032.0,10556762.0
2009-04-10,4.45,4.61,4.64,4.45,5917382.0,26923446.0
2009-04-13,4.62,4.68,4.78,4.6,8735143.0,40852388.0
2009-04-14,4.67,4.64,4.67,4.56,4871074.0,22462290.0
2009-04-15,4.6,4.81,4.83,4.6,8939606.0,42492516.0
2009-04-16,4.83,4.93,5.07,4.76,10222402.0,50530484.0
2009-04-17,4.92,4.68,4.92,4.65,6645197.0,31469704.0
2009-04-20,4.69,4.79,4.79,4.64,4780762.0,22645308.0
2009-04-21,4.64,4.67,4.74,4.56,4640331.0,21650280.0
2009-04-22,4.69,4.44,4.83,4.42,5309760.0,24735108.0
2009-04-23,4.41,4.49,4.54,4.36,3192826.0,14188271.0
2009-04-24,4.49,4.41,4.57,4.39,2949771.0,13110232.0
2009-04-27,4.4,4.12,4.4,4.07,3325246.0,14017998.0
2009-04-28,4.07,4.16,4.19,4.04,1711362.0,7090787.0
2009-04-29,4.13,4.33,4.34,4.13,2958259.0,12627874.0
2009-04-30,4.36,4.34,4.39,4.32,2083536.0,9058934.0
2009-05-04,4.38,4.54,4.57,4.38,2948377.0,13239867.0
2009-05-05,4.55,4.55,4.57,4.48,2750825.0,12446754.0
2009-05-06,4.53,4.98,5.01,4.5,9611015.0,46527048.0
2009-05-07,4.93,4.86,5.14,4.8,12145281.0,60339804.0
2009-05-08,4.81,4.74,4.81,4.64,6494606.0,30744682.0
2009-05-11,4.75,4.8,4.99,4.71,8711146.0,42274040.0
2009-05-12,4.77,4.8,4.86,4.65,5233715.0,24835146.0
2009-05-13,4.79,4.95,5.03,4.74,9024256.0,44358612.0
2009-05-14,4.92,4.83,4.92,4.74,4779362.0,23058838.0
2009-05-15,4.84,4.75,4.91,4.72,3946819.0,18870538.0
2009-05-18,4.75,4.75,4.75,4.75,0.0,0.0
2009-05-19,4.8,5.22,5.22,4.77,17910082.0,91050736.0
2009-05-20,5.28,5.4,5.68,5.15,27533056.0,147873344.0
2009-05-21,5.31,5.33,5.56,5.16,14435582.0,77481000.0
2009-05-22,5.23,5.1,5.29,5.03,7930478.0,40705716.0
2009-05-25,4.82,5.07,5.19,4.82,6550736.0,32785060.0
2009-05-26,5.0,4.91,5.18,4.89,5301386.0,26781046.0
2009-05-27,4.93,4.93,5.02,4.8,4370051.0,21508700.0
2009-06-01,4.97,5.12,5.24,4.97,7712758.0,39502252.0
2009-06-02,5.19,5.15,5.38,5.12,6946729.0,36464588.0
2009-06-03,5.15,5.35,5.41,5.12,9814413.0,51876192.0
2009-06-04,5.27,5.65,5.84,5.19,17242828.0,94846312.0
2009-06-05,5.74,5.47,5.9,5.45,15878697.0,90291584.0
2009-06-08,5.47,5.83,5.84,5.31,13428695.0,75543320.0
2009-06-09,5.75,5.71,5.88,5.56,9509499.0,54646156.0
2009-06-10,5.78,5.61,5.83,5.55,9511321.0,53585452.0
2009-06-11,5.54,5.41,5.59,5.38,6023379.0,32983806.0
2009-06-12,5.48,5.34,5.53,5.27,4663717.0,25162232.0
2009-06-15,5.33,5.38,5.41,5.26,3558874.0,18973754.0
2009-06-16,5.36,5.35,5.42,5.3,3605534.0,19301668.0
2009-06-17,5.29,5.45,5.49,5.26,4332943.0,23279320.0
2009-06-18,5.45,5.41,5.54,5.38,4602938.0,25068124.0
2009-06-19,5.42,5.32,5.43,5.28,4547037.0,24238610.0
2009-06-22,5.37,5.35,5.39,5.28,3173664.0,16963804.0
2009-06-23,5.29,5.22,5.3,5.14,4600728.0,24091664.0
2009-06-24,5.24,5.49,5.49,5.24,6902971.0,37305928.0
2009-06-25,5.5,5.35,5.52,5.34,3519215.0,18983822.0
2009-06-26,5.37,5.25,5.44,5.22,3986159.0,21031844.0
2009-06-29,5.21,5.28,5.32,5.21,3388375.0,17805238.0
2009-06-30,5.26,5.28,5.35,5.19,3667787.0,19360518.0
2009-07-01,5.28,5.24,5.35,5.2,3894274.0,20399072.0
2009-07-02,5.26,5.43,5.52,5.26,9528475.0,51512892.0
2009-07-03,5.36,5.41,5.51,5.33,5940615.0,31975554.0
2009-07-06,5.41,5.54,5.69,5.3,10296264.0,56828480.0
2009-07-07,5.51,5.55,5.59,5.44,8122255.0,44799256.0
2009-07-08,5.49,5.61,5.63,5.49,6248804.0,34770652.0
2009-07-09,5.61,5.66,5.68,5.52,6912276.0,38790296.0
2009-07-10,5.63,5.67,5.82,5.62,9214216.0,52877952.0
2009-07-13,5.67,5.86,6.24,5.66,20622887.0,121943032.0
2009-07-14,5.81,5.86,6.04,5.77,13648640.0,79917448.0
2009-07-15,5.86,6.11,6.23,5.8,17941982.0,107674720.0
2009-07-16,6.11,6.01,6.48,5.98,17039445.0,106322184.0
2009-07-17,5.95,6.61,6.61,5.95,26628096.0,170866688.0
2009-07-20,6.67,7.27,7.27,6.67,30223721.0,211394912.0
2009-07-21,7.29,6.79,7.37,6.7,20173510.0,140854080.0
2009-07-22,6.77,6.78,7.04,6.66,13710719.0,94209024.0
2009-07-23,6.82,6.76,7.03,6.73,9689834.0,66548468.0
2009-07-24,6.78,7.35,7.44,6.52,24518196.0,172269600.0
2009-07-27,7.21,7.6,7.83,7.04,29230878.0,220486432.0
2009-07-28,7.51,7.34,7.68,7.25,16786198.0,124426952.0
2009-07-29,7.28,6.69,7.28,6.61,11393877.0,79283463.0
2009-07-30,6.64,6.96,7.08,6.29,10825721.0,73268952.0
2009-07-31,7.01,7.41,7.43,6.92,14773154.0,106212352.0
2009-08-03,7.43,7.35,7.67,7.16,16869978.0,125507336.0
2009-08-04,7.35,7.26,7.49,7.11,10611239.0,77781432.0
2009-08-05,7.25,7.37,7.56,7.01,12318481.0,89714456.0
2009-08-06,7.23,6.97,7.25,6.94,7405094.0,52547748.0
2009-08-07,6.99,6.58,7.03,6.55,5864583.0,39817048.0
2009-08-10,6.63,6.89,6.98,6.51,6180881.0,41758372.0
2009-08-11,6.82,7.0,7.02,6.65,7426909.0,51193676.0
2009-08-12,7.03,6.76,7.07,6.73,8930471.0,61835964.0
2009-08-13,6.78,6.96,7.01,6.72,6204508.0,42684056.0
2009-08-14,6.96,6.71,7.11,6.71,6836186.0,47335444.0
2009-08-17,6.32,6.04,6.38,6.04,5210486.0,32014312.0
2009-08-18,5.86,6.14,6.29,5.81,4950621.0,30020972.0
2009-08-19,6.02,5.52,6.08,5.52,5020144.0,28916078.0
2009-08-20,5.57,5.69,5.76,5.47,4898071.0,27510598.0
2009-08-21,5.6,5.77,5.82,5.54,5051557.0,28817992.0
2009-08-24,5.81,5.97,6.03,5.81,5660582.0,33729956.0
2009-08-25,5.87,5.63,5.88,5.42,4981535.0,28104966.0
2009-08-26,5.51,5.77,5.88,5.51,3871113.0,22239718.0
2009-08-27,5.69,5.86,5.9,5.66,4418957.0,25723838.0
2009-08-28,5.86,5.99,6.13,5.86,9231074.0,55462148.0
2009-08-31,5.83,5.39,5.83,5.39,4713534.0,26136224.0
2009-09-01,5.32,5.18,5.51,5.12,2949825.0,15681051.0
2009-09-02,5.09,5.2,5.28,5.05,2448130.0,12666220.0
2009-09-03,5.23,5.63,5.64,5.23,4830145.0,26368698.0
2009-09-04,5.57,5.64,5.85,5.52,6142774.0,35086064.0
2009-09-07,5.66,5.68,5.81,5.58,4818955.0,27372014.0
2009-09-08,5.66,5.79,5.81,5.53,5052055.0,28868334.0
2009-09-09,5.79,5.79,5.79,5.79,0.0,0.0
2009-09-10,5.86,6.07,6.22,5.76,11988090.0,71497568.0
2009-09-11,5.99,6.03,6.14,5.86,7467146.0,44888748.0
2009-09-14,5.98,6.06,6.09,5.93,5387009.0,32482908.0
2009-09-15,6.06,6.22,6.48,6.0,10180838.0,63425756.0
2009-09-16,6.18,6.16,6.34,5.96,8352767.0,51434640.0
2009-09-17,6.24,6.25,6.36,6.17,7229286.0,45389636.0
2009-09-18,6.29,5.97,6.29,5.81,5351031.0,32608926.0
2009-09-21,5.86,5.93,5.99,5.66,3697370.0,21455188.0
2009-09-22,5.94,5.68,5.98,5.68,3572135.0,20818194.0
2009-09-23,5.68,5.46,5.76,5.42,3310577.0,18549014.0
2009-09-24,5.46,5.44,5.53,5.23,2732935.0,14721916.0
2009-09-25,5.4,5.35,5.44,5.29,1718930.0,9219225.0
2009-09-28,5.38,5.21,5.45,5.18,1501092.0,8013723.0
2009-09-29,5.12,5.08,5.3,4.94,2040277.0,10372499.0
2009-09-30,5.11,5.18,5.33,5.11,2222611.0,11601535.0
2009-10-09,5.45,5.7,5.7,5.35,5877806.0,32804372.0
2009-10-12,5.71,5.54,5.73,5.51,3796552.0,21232338.0
2009-10-13,5.49,5.6,5.6,5.49,2370992.0,13172767.0
2009-10-14,5.62,5.67,5.86,5.58,4272556.0,24299666.0
2009-10-15,5.7,5.63,5.78,5.6,2346037.0,13323289.0
2009-10-16,5.64,5.59,5.66,5.48,2405511.0,13370663.0
2009-10-19,5.57,5.83,5.85,5.54,5586544.0,32116598.0
2009-10-20,5.83,5.89,5.92,5.77,5753828.0,33754368.0
2009-10-21,5.88,5.92,5.99,5.78,6052262.0,35654688.0
2009-10-22,5.9,5.93,6.03,5.88,5668018.0,33748592.0
2009-10-23,5.93,6.16,6.24,5.91,9201170.0,56022144.0
2009-10-26,6.05,6.17,6.28,6.0,7211928.0,44358616.0
2009-10-27,6.07,5.78,6.07,5.75,6037254.0,35852136.0
2009-10-28,5.77,5.88,5.94,5.71,4845119.0,28257846.0
2009-10-29,5.74,5.54,5.74,5.54,4478931.0,25182248.0
2009-10-30,5.67,5.62,5.75,5.62,3399956.0,19320626.0
2009-11-02,5.47,5.71,5.76,5.37,3074841.0,17235506.0
2009-11-03,5.77,5.88,5.9,5.77,3535356.0,20686052.0
2009-11-04,5.92,6.15,6.34,5.9,12557083.0,77577288.0
2009-11-05,6.19,6.14,6.19,5.99,6112165.0,37219716.0
2009-11-06,6.14,6.14,6.25,6.06,7711531.0,47638380.0
2009-11-09,6.1,6.21,6.22,6.1,5807100.0,35866168.0
2009-11-10,6.27,6.13,6.31,6.12,4854555.0,30030686.0
2009-11-11,6.13,6.11,6.16,6.03,3657813.0,22277468.0
2009-11-12,6.11,6.16,6.24,6.11,5472189.0,33856248.0
2009-11-13,6.12,6.42,6.48,6.08,15031606.0,95023072.0
2009-11-16,6.45,6.58,6.71,6.38,13659348.0,89735912.0
2009-11-17,6.61,6.57,6.68,6.49,8064252.0,52939900.0
2009-11-18,6.57,6.58,6.64,6.48,6032536.0,39426932.0
2009-11-19,6.58,6.76,6.81,6.57,13241235.0,88972344.0
2009-11-20,6.72,6.66,6.75,6.61,7244154.0,48334080.0
2009-11-23,6.6,6.8,6.84,6.6,8866977.0,59542540.0
2009-11-24,6.8,6.39,6.94,6.27,11536111.0,77175224.0
2009-11-25,6.37,6.56,6.58,6.25,6462976.0,41461424.0
2009-11-26,6.52,6.32,6.76,6.27,8356264.0,54609308.0
2009-11-27,6.19,6.02,6.31,6.01,4844161.0,29770258.0
2009-11-30,6.06,6.26,6.27,6.06,3252831.0,20113948.0
2009-12-01,6.22,6.41,6.43,6.22,3828172.0,24249602.0
2009-12-02,6.51,6.81,6.89,6.47,14003742.0,93979400.0
2009-12-03,6.72,6.72,6.84,6.6,8113625.0,54519388.0
2009-12-04,6.7,6.67,6.9,6.43,9604946.0,64282804.0
2009-12-07,6.63,6.71,6.72,6.57,5318882.0,35512972.0
2009-12-08,6.66,6.81,6.96,6.58,9375442.0,63674892.0
2009-12-09,6.64,6.6,6.75,6.54,5231329.0,34748336.0
2009-12-10,6.72,6.67,6.75,6.63,4451471.0,29757678.0
2009-12-11,6.73,6.73,6.87,6.71,7536192.0,51265704.0
2009-12-14,6.8,6.92,6.96,6.59,12976779.0,88652728.0
2009-12-15,6.87,6.81,6.99,6.78,8503643.0,58569788.0
2009-12-16,6.77,6.62,6.81,6.58,6011339.0,40157216.0
2009-12-17,6.56,6.39,6.68,6.38,4079957.0,26461148.0
2009-12-18,6.29,6.1,6.33,6.01,4874660.0,30051642.0
2009-12-21,6.09,6.19,6.21,6.06,2583544.0,15868175.0
2009-12-22,6.18,5.86,6.22,5.82,3339476.0,20022594.0
2009-12-23,5.9,5.96,6.0,5.82,1887362.0,11184798.0
2009-12-24,5.84,6.2,6.29,5.84,4123885.0,25379694.0
2009-12-25,6.2,6.18,6.23,6.12,2152555.0,13285804.0
2009-12-28,6.21,6.34,6.4,6.19,3448490.0,21825146.0
2009-12-29,6.39,6.39,6.41,6.27,3042415.0,19335100.0
2009-12-30,6.36,6.39,6.43,6.29,3461648.0,22015492.0
2009-12-31,6.42,6.43,6.48,6.31,3754402.0,24091194.0
2010-01-04,6.44,6.5,6.57,6.39,4544583.0,29547186.0
2010-01-05,6.53,6.7,6.71,6.43,7455640.0,49218636.0
2010-01-06,6.65,6.72,6.96,6.6,13496635.0,91968708.0
2010-01-07,6.79,6.46,6.96,6.45,12763515.0,85881872.0
2010-01-08,6.34,6.35,6.39,6.14,7582009.0,47613056.0
2010-01-11,6.36,6.53,6.53,6.34,5374629.0,34423012.0
2010-01-12,6.5,6.67,6.67,6.44,5908107.0,38874558.0
2010-01-13,6.48,6.43,6.6,6.39,5542149.0,35978100.0
2010-01-14,6.43,6.56,6.58,6.41,4239717.0,27527824.0
2010-01-15,6.53,6.66,6.67,6.53,5715811.0,37948780.0
2010-01-18,6.67,6.68,6.72,6.58,5084744.0,33765308.0
2010-01-19,6.68,6.7,6.87,6.68,7168019.0,48375456.0
2010-01-20,6.76,6.39,6.76,6.39,6439430.0,42217144.0
2010-01-21,6.29,6.33,6.42,6.26,3215367.0,20369802.0
2010-01-22,6.24,6.12,6.31,5.96,4147740.0,25376740.0
2010-01-25,6.11,6.03,6.14,6.02,1564761.0,9508430.0
2010-01-26,6.11,5.87,6.11,5.85,2066152.0,12249057.0
2010-01-27,5.79,5.86,5.94,5.78,1608273.0,9449097.0
2010-01-28,5.78,5.86,5.9,5.78,1168890.0,6836795.0
2010-01-29,5.89,6.14,6.16,5.83,4052874.0,24457276.0
2010-02-01,6.01,6.36,6.47,6.01,11488100.0,72471056.0
2010-02-02,6.34,6.1,6.51,6.07,5814464.0,36625524.0
2010-02-03,5.94,6.16,6.23,5.82,3570429.0,21518330.0
2010-02-04,6.1,6.01,6.11,5.9,3677371.0,22135782.0
2010-02-05,5.83,5.73,5.92,5.7,3697124.0,21464376.0
2010-02-08,5.73,5.76,5.81,5.69,1255104.0,7219218.0
2010-02-09,5.7,5.81,5.85,5.7,1024840.0,5948260.0
2010-02-10,5.84,5.86,5.91,5.81,1092186.0,6382887.0
2010-02-11,5.87,5.89,5.93,5.83,1130186.0,6649483.0
2010-02-12,5.92,5.94,5.97,5.89,1374503.0,8168778.0
2010-02-22,5.98,5.95,6.02,5.93,1462829.0,8738969.0
2010-02-23,5.93,5.87,5.94,5.77,1462040.0,8513856.0
2010-02-24,5.79,6.0,6.0,5.79,1813597.0,10734831.0
2010-02-25,6.0,6.07,6.1,5.98,2669030.0,16107768.0
2010-02-26,6.07,6.18,6.19,6.0,4273433.0,26039556.0
2010-03-01,6.19,6.39,6.56,6.19,12017164.0,77097080.0
2010-03-02,6.34,6.2,6.34,6.18,4234133.0,26327738.0
2010-03-03,6.2,6.25,6.27,6.14,3284049.0,20408656.0
2010-03-04,6.25,6.14,6.36,6.12,4817924.0,30173888.0
2010-03-05,6.12,6.18,6.22,5.98,2836039.0,17315314.0
2010-03-08,6.31,6.29,6.52,6.28,5778857.0,36833236.0
2010-03-09,6.24,6.26,6.33,6.07,3155766.0,19657808.0
2010-03-10,6.28,6.3,6.36,6.18,4087916.0,25644900.0
2010-03-11,6.26,6.17,6.3,6.14,2084806.0,12943198.0
2010-03-12,6.17,6.03,6.19,6.02,2784289.0,16945410.0
2010-03-15,6.0,5.91,6.05,5.86,1399552.0,8272677.0
2010-03-16,5.9,5.94,5.95,5.86,1698706.0,10058400.0
2010-03-17,5.98,6.08,6.11,5.95,1806191.0,10895535.0
2010-03-18,6.07,6.13,6.16,6.05,1671652.0,10185008.0
2010-03-19,6.17,6.33,6.58,6.1,7943129.0,50505192.0
2010-03-22,6.24,6.28,6.33,6.17,4029752.0,25204020.0
2010-03-23,6.29,6.22,6.33,6.19,2557808.0,16000265.0
2010-03-24,6.22,6.24,6.27,6.17,2330669.0,14538268.0
2010-03-25,6.24,6.13,6.24,6.11,2658198.0,16415353.0
2010-03-26,6.07,6.21,6.27,6.07,2091390.0,12938099.0
2010-03-29,6.22,6.31,6.33,6.22,3731849.0,23474256.0
2010-03-30,6.32,6.29,6.35,6.25,2870423.0,18044394.0
2010-03-31,6.28,6.35,6.48,6.25,5893764.0,37436320.0
2010-04-01,6.33,6.41,6.44,6.29,5746235.0,36720396.0
2010-04-02,6.43,6.41,6.48,6.39,5301416.0,34061164.0
2010-04-06,6.42,6.41,6.48,6.29,4213390.0,26861928.0
2010-04-07,6.39,6.43,6.48,6.32,4545694.0,29154368.0
2010-04-08,6.38,6.3,6.39,6.26,4098377.0,25930466.0
2010-04-09,6.3,6.38,6.39,6.3,3588897.0,22793886.0
2010-04-12,6.43,6.42,6.47,6.35,6088156.0,39055732.0
2010-04-13,6.46,6.28,6.46,6.14,5519717.0,34786848.0
2010-04-14,6.28,6.37,6.41,6.19,4256948.0,26925438.0
2010-04-15,6.36,6.26,6.42,6.24,3848625.0,24287290.0
2010-04-16,6.31,6.24,6.31,6.19,2009720.0,12562401.0
2010-04-19,6.19,5.82,6.23,5.81,3990850.0,24029238.0
2010-04-20,5.82,5.89,5.92,5.76,2794352.0,16349770.0
2010-04-21,5.9,5.96,5.99,5.84,3201500.0,18998230.0
2010-04-22,5.96,5.96,5.96,5.96,0.0,0.0
2010-04-23,5.97,5.96,6.05,5.9,2565236.0,15354465.0
2010-04-26,5.96,5.9,6.02,5.81,1970368.0,11646439.0
2010-04-27,5.85,5.81,5.91,5.51,3324162.0,18816934.0
2010-04-28,5.68,5.74,5.79,5.62,1557547.0,8920347.0
2010-04-29,5.77,5.59,5.83,5.59,1486067.0,8487282.0
2010-04-30,5.54,5.69,5.76,5.36,2274951.0,12485534.0
2010-05-04,5.59,5.62,5.68,5.44,1045314.0,5848672.0
2010-05-05,5.56,6.1,6.17,5.47,3843392.0,22220370.0
2010-05-06,6.05,5.86,6.1,5.82,6017990.0,36150520.0
2010-05-07,5.76,5.63,5.8,5.47,1952395.0,10970391.0
2010-05-10,5.63,5.9,5.95,5.53,2660242.0,15180454.0
2010-05-11,6.0,5.97,6.16,5.93,11422740.0,69099448.0
2010-05-12,5.81,5.53,5.81,5.48,4458528.0,24946756.0
2010-05-13,5.69,5.52,5.69,5.14,3790861.0,20382470.0
2010-05-14,5.42,5.42,5.48,5.3,2114634.0,11440002.0
2010-05-17,5.33,4.99,5.37,4.96,2331881.0,12068698.0
2010-05-18,5.0,5.0,5.08,4.73,2607379.0,12778238.0
2010-05-19,4.97,4.89,5.07,4.86,1805195.0,8919780.0
2010-05-20,4.87,4.86,4.95,4.81,1605898.0,7853361.0
2010-05-21,4.77,4.86,4.89,4.65,2333608.0,11104356.0
2010-05-24,4.89,5.08,5.15,4.89,2430416.0,12250578.0
2010-05-25,5.04,5.18,5.25,4.96,3859644.0,19785300.0
2010-05-26,5.13,5.22,5.22,5.07,2241551.0,11514591.0
2010-05-27,5.15,5.34,5.43,5.1,5526639.0,29495774.0
2010-05-28,5.35,5.22,5.38,5.21,3246285.0,17166516.0
2010-05-31,5.22,4.96,5.24,4.95,2531476.0,12865447.0
2010-06-01,4.9,4.87,5.02,4.82,2036668.0,10013434.0
2010-06-02,4.87,5.0,5.01,4.82,1833383.0,8973995.0
2010-06-03,5.01,5.06,5.08,4.94,2995584.0,15097115.0
2010-06-04,5.05,5.19,5.21,4.95,5842382.0,30164178.0
2010-06-07,5.1,5.01,5.1,4.89,2789305.0,13940969.0
2010-06-08,5.01,5.01,5.05,4.95,2023516.0,10100778.0
2010-06-09,5.04,5.15,5.16,4.96,3012116.0,15279323.0
2010-06-10,5.12,5.16,5.2,5.09,2161233.0,11131325.0
2010-06-11,5.17,5.18,5.23,5.11,2953957.0,15307491.0
2010-06-17,5.18,5.08,5.26,5.08,2144550.0,11075181.0
2010-06-18,5.07,4.84,5.11,4.82,1929667.0,9542311.0
2010-06-21,4.84,4.98,5.01,4.8,1526316.0,7490303.0
2010-06-22,5.02,5.01,5.05,4.97,1255567.0,6293073.0
2010-06-23,4.96,4.96,5.01,4.89,1255063.0,6201048.0
2010-06-24,4.95,4.96,5.01,4.93,817800.0,4058545.0
2010-06-25,4.96,4.91,4.97,4.87,793882.0,3907157.0
2010-06-28,4.91,4.85,4.93,4.83,611982.0,2989392.0
2010-06-29,4.89,4.41,4.89,4.41,1928216.0,8950725.0
2010-06-30,4.38,4.29,4.43,4.26,1449464.0,6265292.0
2010-07-01,4.29,4.22,4.36,4.22,764357.0,3273605.0
2010-07-02,4.26,4.15,4.26,3.98,1304786.0,5370793.0
2010-07-05,4.05,4.14,4.17,4.05,726575.0,3003814.0
2010-07-06,4.18,4.26,4.28,4.16,1124911.0,4752111.0
2010-07-07,4.26,4.28,4.34,4.22,897398.0,3833631.0
2010-07-08,4.71,4.71,4.71,4.58,8643213.0,40445676.0
2010-07-09,4.68,4.85,5.04,4.58,9910519.0,47381640.0
2010-07-12,4.8,4.85,4.95,4.78,5364312.0,26048450.0
2010-07-13,4.8,4.67,4.8,4.66,4038150.0,18960214.0
2010-07-14,4.71,4.78,4.93,4.71,5463266.0,26333814.0
2010-07-15,4.76,4.57,4.78,4.57,2804536.0,13104738.0
2010-07-16,4.49,4.65,4.68,4.49,2049953.0,9375980.0
2010-07-19,4.56,4.8,4.81,4.55,2980764.0,14180117.0
2010-07-20,4.75,4.92,4.99,4.75,4226463.0,20701294.0
2010-07-21,4.91,4.91,4.93,4.82,3778824.0,18487522.0
2010-07-22,4.87,4.97,5.0,4.87,3421989.0,16962452.0
2010-07-23,4.98,4.92,5.0,4.84,3351780.0,16469115.0
2010-07-26,4.89,5.07,5.16,4.89,5229423.0,26361360.0
2010-07-27,5.01,5.03,5.08,4.98,3334678.0,16765112.0
2010-07-28,5.04,5.13,5.15,5.02,5298381.0,27066526.0
2010-07-29,5.19,5.33,5.38,5.14,8751113.0,46129980.0
2010-07-30,5.36,5.21,5.52,5.17,7754386.0,41196168.0
2010-08-02,5.22,5.3,5.34,5.16,5145562.0,27091296.0
2010-08-03,5.29,5.21,5.39,5.17,4361689.0,23143446.0
2010-08-04,5.21,5.22,5.28,5.08,3382628.0,17440236.0
2010-08-05,5.22,5.15,5.24,5.09,3427040.0,17707068.0
2010-08-06,5.16,5.27,5.28,5.11,3159944.0,16455992.0
2010-08-09,5.27,5.39,5.4,5.23,4861075.0,25934954.0
2010-08-10,5.42,5.22,5.44,5.21,4478683.0,23698492.0
2010-08-11,5.21,5.22,5.27,5.13,2848981.0,14825717.0
2010-08-12,5.17,5.11,5.22,5.11,2626358.0,13535580.0
2010-08-13,5.11,5.24,5.24,5.11,2179008.0,11304422.0
2010-08-16,5.17,5.35,5.35,5.17,3812372.0,20230924.0
2010-08-17,5.33,5.4,5.43,5.31,4554060.0,24462756.0
2010-08-18,5.4,5.59,5.64,5.35,10266877.0,56597992.0
2010-08-19,5.57,5.53,5.64,5.44,7735897.0,42766288.0
2010-08-20,5.48,5.26,5.49,5.25,5077819.0,27237492.0
2010-08-23,5.26,5.26,5.31,5.24,2351285.0,12408523.0
2010-08-24,5.28,5.33,5.39,5.26,2330435.0,12429756.0
2010-08-25,5.29,5.19,5.29,5.18,2148087.0,11246580.0
2010-08-26,5.21,5.17,5.26,5.13,2021811.0,10473713.0
2010-08-27,5.17,5.26,5.26,5.16,1410829.0,7352752.0
2010-08-30,5.28,5.4,5.4,5.28,3263674.0,17543958.0
2010-08-31,5.37,5.42,5.45,5.35,3540158.0,19128904.0
2010-09-01,5.44,5.32,5.47,5.25,3609406.0,19362584.0
2010-09-02,5.37,5.49,5.57,5.35,6048562.0,33051656.0
2010-09-03,5.47,5.57,5.59,5.46,5941211.0,32913888.0
2010-09-06,5.59,5.58,5.66,5.5,6206643.0,34814084.0
2010-09-07,5.58,5.74,5.77,5.55,8631144.0,49026208.0
2010-09-08,5.64,5.85,5.9,5.61,9626107.0,55887624.0
2010-09-09,5.87,5.61,5.87,5.59,6883388.0,39161984.0
2010-09-10,5.59,5.6,5.64,5.45,4303243.0,23940536.0
2010-09-13,5.6,5.76,5.82,5.6,4670824.0,26803544.0
2010-09-14,5.81,5.73,5.86,5.69,4349323.0,25047964.0
2010-09-15,5.75,5.56,5.76,5.54,4143797.0,23242996.0
2010-09-16,5.57,5.48,5.61,5.4,3142294.0,17252948.0
2010-09-17,5.49,5.74,5.8,5.49,7508150.0,42796948.0
2010-09-20,5.69,5.65,5.9,5.65,7197332.0,41622096.0
2010-09-21,5.66,5.5,5.66,5.47,3153699.0,17467940.0
2010-09-27,5.55,5.76,5.81,5.55,4716461.0,27047106.0
2010-09-28,5.76,5.76,5.76,5.76,0.0,0.0
2010-09-29,5.88,5.71,6.05,5.7,12110103.0,71413216.0
2010-09-30,5.63,5.8,5.81,5.48,6389269.0,35797316.0
2010-10-08,5.88,6.02,6.21,5.88,14787365.0,89617200.0
2010-10-11,6.12,6.02,6.37,6.02,13152822.0,81595344.0
2010-10-12,5.96,6.62,6.62,5.89,17734737.0,113811928.0
2010-10-13,6.78,6.58,6.91,6.37,27029573.0,180502432.0
2010-10-14,6.55,6.94,7.13,6.48,22789746.0,154672320.0
2010-10-15,6.74,6.95,7.23,6.63,22395226.0,155760560.0
2010-10-18,6.89,6.55,7.13,6.47,15423458.0,104991392.0
2010-10-19,6.46,6.68,6.7,6.41,7869386.0,52196968.0
2010-10-20,6.46,6.55,6.7,6.23,11166748.0,72412296.0
2010-10-21,6.58,6.68,6.83,6.53,8320069.0,55542844.0
2010-10-22,6.55,6.7,6.91,6.47,10217069.0,68596296.0
2010-10-25,6.74,7.1,7.18,6.63,16038461.0,111101952.0
2010-10-26,7.11,7.16,7.37,6.99,19418236.0,139629136.0
2010-10-27,7.14,6.91,7.23,6.91,10160074.0,71685112.0
2010-10-28,6.82,7.09,7.22,6.82,10946904.0,77040344.0
2010-10-29,7.04,6.93,7.11,6.9,8245923.0,57751328.0
2010-11-01,6.94,7.32,7.36,6.94,15299966.0,110176696.0
2010-11-02,7.32,7.62,8.05,7.21,28650720.0,221653744.0
2010-11-03,7.63,7.13,7.89,7.09,15287753.0,114211096.0
2010-11-04,7.04,7.4,7.57,7.04,11061164.0,80709328.0
2010-11-05,7.66,7.42,7.74,7.37,10112238.0,75658200.0
2010-11-08,7.44,7.37,7.44,7.23,7910988.0,57718088.0
2010-11-09,7.36,7.44,7.54,7.27,7872886.0,58507172.0
2010-11-10,7.45,7.42,7.46,7.25,6964131.0,51174672.0
2010-11-11,7.42,7.36,7.8,7.35,12933889.0,98420568.0
2010-11-12,7.37,6.63,7.37,6.63,10859935.0,76015664.0
2010-11-15,6.68,6.68,6.8,6.36,6350091.0,41637728.0
2010-11-16,6.68,6.68,6.68,6.68,0.0,0.0
2010-11-17,6.15,6.12,6.48,6.08,6103131.0,38289344.0
2010-11-18,6.22,6.29,6.36,6.12,3293858.0,20645174.0
2010-11-19,6.34,6.41,6.41,6.14,3670918.0,23094958.0
2010-11-22,6.38,6.51,6.54,6.29,3711219.0,23958156.0
2010-11-23,6.45,6.28,6.5,6.15,3449800.0,21667960.0
2010-11-24,6.15,6.42,6.42,6.15,2804630.0,17860918.0
2010-11-25,6.5,6.66,6.72,6.41,4577501.0,30083598.0
2010-11-26,6.63,6.72,6.75,6.55,4893618.0,32551912.0
2010-11-29,6.66,6.57,6.73,6.49,2925501.0,19216286.0
2010-11-30,6.53,6.38,6.63,6.07,4200317.0,26616894.0
2010-12-01,6.32,6.27,6.39,6.15,2826803.0,17714604.0
2010-12-02,6.42,6.35,6.45,6.34,2761936.0,17661378.0
2010-12-03,6.35,6.3,6.37,6.22,1670959.0,10518166.0
2010-12-06,6.34,6.43,6.55,6.32,3366802.0,21740008.0
2010-12-07,6.43,6.55,6.56,6.28,3301898.0,21291836.0
2010-12-08,6.54,6.51,6.66,6.49,3794813.0,24993484.0
2010-12-09,6.49,6.28,6.53,6.28,2089316.0,13354757.0
2010-12-10,6.27,6.4,6.45,6.19,2134155.0,13506326.0
2010-12-13,6.42,6.6,6.61,6.41,3732888.0,24434442.0
2010-12-14,6.65,6.65,6.69,6.55,3905197.0,25861888.0
2010-12-15,6.7,6.7,6.84,6.64,5839832.0,39383344.0
2010-12-16,6.66,6.9,7.06,6.66,9011279.0,62484920.0
2010-12-17,6.9,7.35,7.36,6.84,16854742.0,121982200.0
2010-12-20,7.35,7.31,7.47,7.08,13394400.0,97250520.0
2010-12-21,7.3,7.91,8.04,7.25,26501523.0,207628624.0
2010-12-22,7.76,7.99,8.17,7.76,26476372.0,211222544.0
2010-12-23,7.83,8.35,8.72,7.8,23819383.0,198705376.0
2010-12-24,8.35,8.35,8.35,8.35,0.0,0.0
2010-12-27,8.02,7.58,8.33,7.51,17770606.0,140088912.0
2010-12-28,7.33,7.18,7.5,7.09,9786095.0,71176416.0
2010-12-29,7.18,7.24,7.42,7.17,6590928.0,47964916.0
2010-12-30,7.25,7.45,7.48,7.04,10417848.0,75882552.0
2010-12-31,7.4,7.78,7.87,7.32,14419345.0,110356024.0
2011-01-04,7.78,7.88,8.0,7.66,12918353.0,101192104.0
2011-01-05,7.78,7.62,7.79,7.55,8267505.0,63237508.0
2011-01-06,7.62,7.45,7.66,7.33,7386951.0,55262188.0
2011-01-07,7.44,8.02,8.15,7.4,17118031.0,134853232.0
2011-01-10,8.04,7.68,8.05,7.62,10338966.0,81250848.0
2011-01-11,7.51,7.6,7.6,7.25,7786991.0,57944044.0
2011-01-12,7.6,7.98,7.98,7.59,10861816.0,84779080.0
2011-01-13,8.0,8.09,8.29,7.88,14541030.0,117520992.0
2011-01-14,8.0,8.1,8.26,7.86,14085005.0,113952944.0
2011-01-17,7.95,8.58,8.58,7.76,25141498.0,209191744.0
2011-01-18,8.46,8.14,8.46,7.93,14978319.0,122352256.0
2011-01-19,8.04,8.96,8.96,7.95,30427584.0,264727312.0
2011-01-20,8.87,9.06,9.63,8.69,39864222.0,365671872.0
2011-01-21,8.92,9.41,9.62,8.71,29794960.0,272823744.0
2011-01-24,9.3,8.47,9.38,8.47,23505038.0,207975024.0
2011-01-25,8.23,8.1,8.45,7.89,13055757.0,106575920.0
2011-01-26,8.0,8.41,8.42,8.0,12314065.0,101931712.0
2011-01-27,8.29,8.46,8.58,8.0,14221051.0,119136160.0
2011-01-28,8.43,8.87,9.09,8.34,18911478.0,166503632.0
2011-01-31,8.8,8.96,9.14,8.69,17161504.0,153015456.0
2011-02-01,8.87,9.22,9.57,8.85,22666687.0,210761200.0
2011-02-09,9.11,9.04,9.35,8.4,23691951.0,209858944.0
2011-02-10,8.76,9.28,9.28,8.62,18969975.0,169309792.0
2011-02-11,9.32,8.96,9.7,8.92,24221018.0,226014096.0
2011-02-14,8.84,9.22,9.35,8.7,18955592.0,171996464.0
2011-02-15,9.16,9.64,9.93,9.11,33252982.0,319584288.0
2011-02-16,9.58,9.74,9.8,9.49,18685708.0,180109568.0
2011-02-17,9.74,9.58,9.74,9.4,14439931.0,137899968.0
2011-02-18,9.57,9.71,9.74,9.33,13108403.0,124630784.0
2011-02-21,9.59,10.06,10.09,9.54,19481206.0,192925696.0
2011-02-22,10.12,9.3,10.23,9.25,17286608.0,167846752.0
2011-02-23,9.25,9.53,9.64,9.25,10987151.0,104521696.0
2011-02-24,9.58,9.43,9.62,9.16,11967236.0,112284768.0
2011-02-25,9.43,9.31,9.54,9.21,9056238.0,84697560.0
2011-02-28,9.83,9.95,10.12,9.66,24427682.0,242558176.0
2011-03-01,10.07,10.76,10.94,9.84,31152557.0,324702464.0
2011-03-02,10.6,10.81,11.02,10.45,23003123.0,246548096.0
2011-03-03,10.75,10.4,10.83,10.27,15936596.0,167618240.0
2011-03-04,10.36,10.56,10.65,10.27,10678518.0,112239928.0
2011-03-07,10.6,10.53,10.73,10.35,13053678.0,137306272.0
2011-03-08,10.48,11.14,11.33,10.31,24156429.0,262714032.0
2011-03-09,11.04,11.52,11.8,10.92,24884706.0,282669440.0
2011-03-10,11.38,11.57,12.05,11.34,21540959.0,252317536.0
2011-03-11,11.51,12.72,12.72,11.44,16574880.0,206618048.0
2011-03-14,13.18,13.64,13.97,12.72,34674687.0,459896544.0
2011-03-15,13.33,12.81,13.4,12.34,28849752.0,369392992.0
2011-03-16,12.7,13.04,13.9,12.52,30901494.0,410699680.0
2011-03-17,12.98,12.58,13.35,12.36,19748914.0,250794400.0
2011-03-18,12.78,12.98,13.25,12.69,15467869.0,200553600.0
2011-03-21,12.92,12.96,13.16,12.58,12982763.0,166981392.0
2011-03-22,12.9,12.33,13.0,12.21,17900078.0,223151104.0
2011-03-23,12.29,12.8,12.83,12.11,18869308.0,236546032.0
2011-03-24,12.68,12.97,13.59,12.64,22308624.0,293248032.0
2011-03-25,12.97,12.97,12.97,12.97,0.0,0.0
2011-03-28,13.17,12.98,13.59,12.95,17681039.0,233714560.0
2011-03-29,12.72,12.37,12.88,12.24,16327431.0,203541760.0
2011-03-30,12.34,12.59,12.85,12.24,11973760.0,150626128.0
2011-03-31,12.48,11.76,12.64,11.66,13066986.0,158216176.0
2011-04-01,11.74,12.0,12.14,11.5,9999987.0,118239592.0
2011-04-06,11.87,11.76,11.99,11.52,8030358.0,94080032.0
2011-04-07,11.76,12.07,12.1,11.72,8805448.0,105568168.0
2011-04-08,12.03,13.27,13.27,11.91,25569169.0,327369088.0
2011-04-11,13.23,13.13,13.61,12.92,24999488.0,331477856.0
2011-04-12,13.41,13.7,14.12,13.14,30793674.0,420269152.0
2011-04-13,13.5,14.1,14.34,13.2,21071867.0,292229888.0
2011-04-14,14.02,15.51,15.51,13.99,32634118.0,487470784.0
2011-04-15,15.18,15.33,15.54,14.96,24619303.0,375705536.0
2011-04-18,15.54,16.87,16.87,15.23,46741818.0,752972864.0
2011-04-19,16.79,17.08,18.38,16.22,54150528.0,945138304.0
2011-04-20,16.6,17.94,18.33,16.59,41685868.0,729855168.0
2011-04-21,17.56,18.82,19.1,17.56,42502081.0,784596800.0
2011-04-22,18.51,17.46,18.77,17.38,27589033.0,498382624.0
2011-04-25,17.25,15.86,17.26,15.72,24207321.0,394425824.0
2011-04-26,15.69,16.54,16.67,15.64,19323889.0,314641120.0
2011-04-27,16.33,15.88,16.86,15.74,13718574.0,221806704.0
2011-04-28,15.97,14.31,16.16,14.29,15887136.0,236752912.0
2011-04-29,14.31,14.63,14.83,13.76,10424270.0,150851888.0
2011-05-03,14.43,15.08,15.15,14.0,11980472.0,174189120.0
2011-05-04,14.67,15.53,16.14,14.63,21008061.0,328545536.0
2011-05-05,15.33,15.16,15.83,15.05,10119934.0,155297216.0
2011-05-06,14.88,14.98,15.43,14.33,12581852.0,185877456.0
2011-05-09,14.94,15.04,15.39,14.85,8757092.0,132724816.0
2011-05-10,15.15,15.62,15.92,15.12,12497054.0,194580544.0
2011-05-11,15.62,15.41,15.81,15.34,10203102.0,158256976.0
2011-05-12,15.16,14.55,15.16,14.5,12789728.0,189483904.0
2011-05-13,14.46,14.62,14.74,14.07,8349740.0,120229472.0
2011-05-16,14.62,14.18,14.63,14.1,7270408.0,103733176.0
2011-05-17,14.13,14.26,14.67,13.52,10990792.0,155108208.0
2011-05-18,14.09,13.91,14.18,13.8,6988212.0,97744032.0
2011-05-19,14.09,14.0,14.46,13.99,6112501.0,86827632.0
2011-05-20,14.16,13.91,14.21,13.65,4819363.0,66918116.0
2011-05-23,13.8,12.85,13.85,12.83,7762429.0,103543136.0
2011-05-24,12.7,12.89,12.99,12.06,7943833.0,99127056.0
2011-05-25,12.72,12.36,12.91,12.34,5625333.0,70718320.0
2011-05-26,12.54,12.09,12.72,11.97,5606251.0,69228760.0
2011-05-27,12.07,12.0,12.29,11.78,5546746.0,66822172.0
2011-05-30,11.92,11.79,12.28,11.77,4120732.0,49495000.0
2011-05-31,11.88,12.21,12.21,11.6,7044384.0,83984944.0
2011-06-01,12.21,12.25,12.41,12.07,6037293.0,73902432.0
2011-06-02,12.05,12.17,12.22,11.67,7445617.0,88329176.0
2011-06-03,12.25,13.38,13.38,12.14,14370520.0,185360320.0
2011-06-07,13.51,14.36,14.55,13.18,20886398.0,286380928.0
2011-06-08,14.26,14.72,15.25,14.15,22306363.0,330641536.0
2011-06-09,14.47,13.87,14.6,13.8,13850645.0,196475872.0
2011-06-10,13.89,14.22,14.45,13.52,12626170.0,177701392.0
2011-06-13,13.97,14.35,14.59,13.8,11696630.0,166535056.0
2011-06-14,14.14,14.46,14.74,14.02,13090260.0,188653552.0
2011-06-15,14.43,14.76,15.07,14.29,17531247.0,260358992.0
2011-06-16,14.47,13.69,14.65,13.69,10577034.0,150190624.0
2011-06-17,13.69,12.88,13.86,12.63,9788850.0,130255200.0
2011-06-20,12.64,12.88,12.98,12.54,5064617.0,64583944.0
2011-06-21,12.88,12.88,12.88,12.88,0.0,0.0
2011-06-22,12.88,12.88,12.88,12.88,0.0,0.0
2011-06-23,12.88,12.88,12.88,12.88,0.0,0.0
2011-06-24,12.88,12.88,12.88,12.88,0.0,0.0
2011-06-27,12.88,12.88,12.88,12.88,0.0,0.0
2011-06-28,14.17,14.17,14.17,14.17,3945126.0,55919468.0
2011-06-29,15.02,15.55,15.59,14.67,38572947.0,591646400.0
2011-06-30,15.55,15.25,15.77,15.04,25037754.0,383975872.0
2011-07-01,15.25,15.25,15.48,14.96,20215529.0,308170976.0
2011-07-04,15.24,15.56,15.92,15.1,21453220.0,333249536.0
2011-07-05,15.56,15.32,15.59,15.13,13935736.0,212776992.0
2011-07-06,15.22,15.94,15.96,14.97,22519430.0,349927776.0
2011-07-07,15.83,15.52,16.28,15.45,22506505.0,355029632.0
2011-07-08,15.33,15.26,15.61,15.15,9030524.0,138085344.0
2011-07-11,15.2,15.25,15.45,15.0,6779546.0,103591272.0
2011-07-12,15.05,14.75,15.22,14.71,9402255.0,140080544.0
2011-07-13,14.86,15.1,15.2,14.82,7184091.0,108232784.0
2011-07-14,15.17,15.24,15.51,15.06,8198119.0,125404920.0
2011-07-15,15.24,15.24,15.24,15.24,0.0,0.0
2011-07-18,15.25,15.4,15.73,15.25,7644576.0,118020032.0
2011-07-19,15.33,14.95,15.33,14.86,6660601.0,99705832.0
2011-07-20,15.21,15.53,15.61,15.06,12450468.0,191838608.0
2011-07-21,15.56,15.02,15.58,14.97,7265381.0,110351848.0
2011-07-22,14.98,15.02,15.24,14.93,4600036.0,69324912.0
2011-07-25,15.0,14.08,15.0,13.81,7897615.0,113247176.0
2011-07-26,14.08,14.14,14.31,13.68,4773671.0,67250920.0
2011-07-27,14.09,14.89,15.05,13.8,10652542.0,155013584.0
2011-07-28,14.58,14.82,15.24,14.52,10640243.0,159214768.0
2011-07-29,14.67,14.21,14.82,14.09,7176579.0,103571808.0
2011-08-01,14.24,14.16,14.36,13.99,3807799.0,54089468.0
2011-08-02,13.99,13.88,14.05,13.42,5586645.0,76563024.0
2011-08-03,13.67,14.01,14.33,13.52,4849553.0,68227752.0
2011-08-04,13.99,13.94,14.28,13.92,3793450.0,53312520.0
2011-08-05,13.47,13.36,13.65,13.18,4801574.0,64515076.0
2011-08-08,12.95,12.25,13.15,12.04,6041568.0,75736160.0
2011-08-09,11.9,12.28,12.54,11.3,6697057.0,80148264.0
2011-08-10,12.64,12.43,12.8,12.4,5140923.0,64851668.0
2011-08-11,11.93,12.59,12.62,11.82,4985043.0,61561716.0
2011-08-12,12.82,12.7,13.03,12.64,5519540.0,70744616.0
2011-08-15,13.03,12.92,13.03,12.69,3892559.0,49968996.0
2011-08-16,12.99,12.67,13.02,12.64,4202127.0,53804596.0
2011-08-17,12.64,12.59,12.79,12.55,2800468.0,35428212.0
2011-08-18,12.51,12.22,12.69,12.22,3180097.0,39591068.0
2011-08-19,11.88,11.92,11.92,11.66,4107781.0,48485548.0
2011-08-22,11.96,11.77,12.02,11.7,2853264.0,33812200.0
2011-08-23,11.85,11.98,12.04,11.72,3013348.0,35807680.0
2011-08-24,12.06,11.92,12.24,11.9,3273066.0,39532092.0
2011-08-25,11.96,13.0,13.08,11.69,10401825.0,130813576.0
2011-08-26,12.8,12.77,12.97,12.65,7060800.0,90199240.0
2011-08-29,12.71,12.42,12.71,12.41,4071687.0,50918072.0
2011-08-30,12.62,12.45,12.89,12.43,4450827.0,56486660.0
2011-08-31,12.35,12.56,12.71,12.35,2974074.0,37272532.0
2011-09-01,12.64,12.54,12.86,12.34,4804613.0,60909604.0
2011-09-02,12.35,12.23,12.51,12.17,3043071.0,37379724.0
2011-09-05,11.82,11.78,12.03,11.76,2555535.0,30334852.0
2011-09-06,11.58,11.82,11.86,11.54,2046929.0,24109398.0
2011-09-07,11.96,12.18,12.28,11.9,2889365.0,34996936.0
2011-09-08,12.23,12.11,12.5,12.06,3330601.0,40808964.0
2011-09-09,12.11,12.08,12.32,11.96,2023341.0,24524824.0
2011-09-13,11.79,11.8,11.92,11.75,1640358.0,19377644.0
2011-09-14,11.83,12.25,12.35,11.73,3414548.0,41277916.0
2011-09-15,12.25,12.24,12.51,12.22,4416707.0,54507864.0
2011-09-16,12.35,12.25,12.45,12.16,3310873.0,40666952.0
2011-09-19,12.16,11.86,12.23,11.84,2543557.0,30463922.0
2011-09-20,11.95,11.98,12.11,11.79,1599876.0,19118284.0
2011-09-21,11.96,12.38,12.49,11.73,5828664.0,71241344.0
2011-09-22,12.21,11.99,12.37,11.93,3999163.0,48402924.0
2011-09-23,11.74,11.88,11.94,11.68,2323432.0,27382624.0
2011-09-26,11.77,11.77,12.15,11.72,2143725.0,25489534.0
2011-09-27,11.87,11.82,11.98,11.68,1985370.0,23463862.0
2011-09-28,11.96,11.71,12.02,11.68,2097823.0,24839596.0
2011-09-29,11.59,10.81,11.64,10.81,3660109.0,40884240.0
2011-09-30,10.9,10.54,11.03,10.08,2670091.0,27993704.0
2011-10-10,10.56,10.27,10.65,10.23,1540684.0,16041322.0
2011-10-11,10.47,10.35,10.7,10.15,2286453.0,23843174.0
2011-10-12,10.23,10.76,10.82,9.96,3799366.0,40091164.0
2011-10-13,10.71,11.84,11.84,10.61,9123608.0,105693264.0
2011-10-14,11.84,11.74,12.06,11.59,10977963.0,130034184.0
2011-10-17,11.67,11.84,11.85,11.41,6947587.0,81186360.0
2011-10-18,11.58,11.05,11.68,11.03,5758952.0,65475728.0
2011-10-19,11.1,11.07,11.28,10.84,3209411.0,35534948.0
2011-10-20,10.9,10.72,11.02,10.37,3674494.0,39151336.0
2011-10-21,10.75,10.45,10.76,10.4,2068427.0,21849576.0
2011-10-24,10.58,11.19,11.39,10.23,5133268.0,56106412.0
2011-10-25,11.05,11.33,11.66,10.92,6843268.0,77532816.0
2011-10-26,11.1,11.17,11.48,11.05,5754770.0,64949456.0
2011-10-27,11.24,11.03,11.46,11.0,4725131.0,53017120.0
2011-10-28,11.31,11.37,11.56,11.21,5681736.0,64546240.0
2011-10-31,11.48,11.22,11.52,11.15,3797549.0,42764300.0
2011-11-01,11.05,11.23,11.33,11.0,3626659.0,40564368.0
2011-11-02,11.02,11.3,11.3,10.82,4419770.0,48820424.0
2011-11-03,11.3,11.71,12.06,11.29,11692225.0,137776848.0
2011-11-04,11.85,11.8,12.12,11.68,7838284.0,92837416.0
2011-11-07,11.68,11.6,11.8,11.49,4348623.0,50510836.0
2011-11-08,11.67,11.56,11.8,11.51,4867736.0,56664224.0
2011-11-09,11.7,11.75,11.8,11.48,4444203.0,51876020.0
2011-11-10,11.54,11.34,11.63,11.34,4428164.0,50670968.0
2011-11-11,11.4,11.22,11.45,11.21,2684596.0,30423230.0
2011-11-14,11.35,11.51,11.58,11.33,3500311.0,40157496.0
2011-11-15,11.47,11.52,11.6,11.43,3144501.0,36170060.0
2011-11-16,11.46,11.1,11.56,11.03,3522435.0,39647384.0
2011-11-17,11.21,11.05,11.27,11.04,1936201.0,21529820.0
2011-11-18,10.87,10.64,11.04,10.53,3094600.0,33159082.0
2011-11-21,10.63,10.74,10.76,10.52,1411943.0,15055361.0
2011-11-22,10.64,10.67,10.7,10.52,1586518.0,16846742.0
2011-11-23,10.68,10.46,10.74,10.4,2147090.0,22627474.0
2011-11-24,10.32,10.36,10.51,10.15,1842289.0,19027954.0
2011-11-25,10.36,10.36,10.36,10.36,0.0,0.0
2011-11-28,10.42,10.43,10.52,10.32,1231469.0,12826445.0
2011-11-29,10.52,10.79,10.8,10.52,2663028.0,28446458.0
2011-11-30,10.76,10.2,10.8,9.95,3073651.0,31747328.0
2011-12-01,10.53,10.53,11.13,10.53,4100236.0,43874092.0
2011-12-02,10.31,10.18,10.45,10.08,2249955.0,22998568.0
2011-12-05,10.13,9.92,10.18,9.9,1346224.0,13455638.0
2011-12-06,9.92,9.94,10.0,9.87,1076524.0,10703041.0
2011-12-07,10.0,9.93,10.07,9.87,1264526.0,12591112.0
2011-12-08,9.93,9.78,10.02,9.55,2085819.0,20334272.0
2011-12-09,9.6,9.53,9.75,9.5,1566465.0,15021040.0
2011-12-12,9.54,9.47,9.68,9.46,801661.0,7664060.0
2011-12-13,9.28,8.92,9.41,8.9,2055009.0,18481858.0
2011-12-14,8.87,8.42,8.93,8.4,1845978.0,16016302.0
2011-12-15,8.3,7.82,8.3,7.79,3396916.0,27107090.0
2011-12-16,7.9,8.21,8.24,7.83,2538887.0,20250548.0
2011-12-19,8.16,8.11,8.19,7.88,1931579.0,15478998.0
2011-12-20,8.08,8.35,8.53,8.01,3918148.0,32605596.0
2011-12-21,8.44,8.02,8.52,7.99,2452611.0,20333220.0
2011-12-22,7.92,8.26,8.39,7.79,3517815.0,28542692.0
2011-12-23,8.28,8.49,9.05,8.18,6663023.0,57056904.0
2011-12-26,8.31,8.26,8.55,8.2,2719614.0,22780282.0
2011-12-27,8.19,8.0,8.29,7.96,1922025.0,15521583.0
2011-12-28,8.01,8.19,8.2,7.79,2551686.0,20293248.0
2011-12-29,8.07,8.09,8.39,7.91,2262086.0,18466664.0
2011-12-30,8.11,8.23,8.36,8.11,2119563.0,17460982.0
2012-01-04,8.35,7.97,8.39,7.96,1961441.0,16014206.0
2012-01-05,7.97,7.56,7.98,7.48,2148616.0,16656857.0
2012-01-06,7.48,7.86,7.86,7.43,1813136.0,13822284.0
2012-01-09,7.91,8.28,8.42,7.8,3441224.0,28130030.0
2012-01-10,8.2,8.71,8.9,8.19,5636836.0,48287044.0
2012-01-11,8.68,8.58,8.75,8.49,4126136.0,35522696.0
2012-01-12,8.51,8.82,9.07,8.48,5219592.0,45854760.0
2012-01-13,8.78,8.5,8.93,8.43,3923098.0,33915784.0
2012-01-16,8.26,7.91,8.42,7.9,2499518.0,20471616.0
2012-01-17,7.91,8.7,8.7,7.91,5839239.0,49564024.0
2012-01-18,9.57,8.98,9.57,8.75,13154684.0,123293416.0
2012-01-19,8.89,8.99,9.06,8.69,9802749.0,86829816.0
2012-01-20,9.0,8.78,9.01,8.68,4871126.0,42920588.0
2012-01-30,8.93,8.75,8.93,8.73,2900623.0,25566528.0
2012-01-31,8.71,8.75,8.83,8.59,2372311.0,20714350.0
2012-02-01,8.76,8.31,8.76,8.2,7689735.0,64957436.0
2012-02-02,8.28,8.48,8.48,8.27,5702914.0,47783764.0
2012-02-03,8.43,8.53,8.58,8.32,5613781.0,47458160.0
2012-02-06,8.54,8.62,8.66,8.49,4868572.0,41781844.0
2012-02-07,8.52,8.61,8.63,8.3,4794978.0,40528000.0
2012-02-08,8.56,9.02,9.16,8.5,10393467.0,92328496.0
2012-02-09,8.93,8.88,9.03,8.81,7597027.0,67847648.0
2012-02-10,8.86,8.84,9.01,8.75,5195860.0,46179580.0
2012-02-13,8.76,8.93,9.1,8.7,5590618.0,50123720.0
2012-02-14,8.93,8.87,8.96,8.77,3909634.0,34585920.0
2012-02-15,8.84,9.12,9.33,8.84,10050398.0,92335504.0
2012-02-16,9.07,9.11,9.23,8.86,6223875.0,56254672.0
2012-02-17,9.09,9.02,9.16,8.93,4366185.0,39522976.0
2012-02-20,9.17,9.02,9.22,9.02,4731980.0,43131272.0
2012-02-21,9.02,9.1,9.1,8.84,4405387.0,39513428.0
2012-02-22,9.17,9.22,9.31,9.09,7558830.0,69513440.0
2012-02-23,9.25,9.45,9.57,9.16,10153948.0,95293280.0
2012-02-24,9.36,9.46,9.49,9.24,7276211.0,68281784.0
2012-02-27,9.48,10.03,10.4,9.48,23285977.0,237460784.0
2012-02-28,9.79,9.83,9.98,9.62,12724193.0,124649224.0
2012-02-29,9.74,9.64,10.01,9.55,8551891.0,83595592.0
2012-03-01,9.5,9.66,9.78,9.47,4526780.0,43748116.0
2012-03-02,9.75,9.81,9.99,9.72,6041302.0,59320884.0
2012-03-05,9.82,9.76,9.92,9.75,5395117.0,53000988.0
2012-03-06,9.7,9.52,9.73,9.44,5320514.0,50740008.0
2012-03-07,9.34,9.33,9.49,9.29,4342746.0,40725708.0
2012-03-08,9.32,9.47,9.58,9.32,3715203.0,35209816.0
2012-03-09,9.52,9.63,9.64,9.46,3896204.0,37220984.0
2012-03-12,9.64,9.7,9.82,9.64,4567192.0,44374672.0
2012-03-13,9.7,9.76,9.77,9.56,4277647.0,41328560.0
2012-03-14,9.79,9.17,9.92,9.07,8266105.0,79527584.0
2012-03-15,9.17,8.82,9.24,8.44,5744674.0,50890012.0
2012-03-16,8.83,8.98,9.0,8.64,4269428.0,37813204.0
2012-03-19,9.07,9.13,9.16,8.89,3328666.0,29994610.0
2012-03-20,9.13,8.83,9.13,8.82,3376466.0,30096434.0
2012-03-21,8.93,9.14,9.59,8.78,6321812.0,58124844.0
2012-03-22,8.98,8.93,9.04,8.84,3823794.0,34196844.0
2012-03-23,8.93,8.74,8.94,8.66,2443134.0,21483352.0
2012-03-26,8.74,8.78,8.84,8.68,1574126.0,13787936.0
2012-03-27,8.84,8.78,8.95,8.75,1652913.0,14641206.0
2012-03-28,8.74,8.3,8.74,8.25,3355528.0,28296024.0
2012-03-29,8.29,8.06,8.3,7.96,2129302.0,17278934.0
2012-03-30,8.07,8.02,8.18,7.94,1529483.0,12301201.0
2012-04-05,8.0,8.18,8.22,8.0,1937471.0,15789775.0
2012-04-06,8.18,8.23,8.29,8.13,1665336.0,13670925.0
2012-04-09,8.21,8.09,8.21,8.08,1318335.0,10725491.0
2012-04-10,8.03,8.19,8.19,7.87,1730440.0,13889822.0
2012-04-11,8.07,8.13,8.23,7.98,1304193.0,10591544.0
2012-04-12,8.18,8.37,8.39,8.18,3261386.0,27125690.0
2012-04-13,8.37,8.37,8.37,8.37,0.0,0.0
2012-04-16,8.22,8.36,8.46,8.2,2062961.0,17288016.0
2012-04-17,8.37,8.26,8.44,8.26,1937983.0,16159732.0
2012-04-18,8.27,8.51,8.54,8.27,3090901.0,26087744.0
2012-04-19,8.48,8.47,8.55,8.4,1991563.0,16891952.0
2012-04-20,8.39,8.57,8.63,8.38,2958323.0,25280630.0
2012-04-23,8.52,8.28,8.71,8.2,3139427.0,26563412.0
2012-04-24,8.2,8.17,8.35,8.01,2675468.0,21815954.0
2012-04-25,8.12,8.21,8.31,8.12,2479790.0,20381480.0
2012-04-26,8.23,9.03,9.03,8.23,12741856.0,114072312.0
2012-04-27,9.17,8.78,9.17,8.73,13705674.0,122622664.0
2012-05-02,8.92,9.21,9.51,8.71,13364137.0,121711136.0
2012-05-03,9.07,9.64,9.94,9.02,16302880.0,155353536.0
2012-05-04,9.53,9.54,9.63,9.32,8624153.0,81864328.0
2012-05-07,9.38,9.48,9.92,9.28,7697884.0,73900144.0
2012-05-08,9.39,9.32,9.46,9.14,6125554.0,56826472.0
2012-05-09,9.21,9.04,9.21,8.98,5434199.0,49235848.0
2012-05-10,9.02,9.07,9.19,8.98,3984950.0,36177448.0
2012-05-11,9.05,8.89,9.21,8.86,4607505.0,41592072.0
2012-05-14,8.97,8.81,9.06,8.81,3297132.0,29483446.0
2012-05-15,8.67,8.74,8.74,8.59,2839534.0,24542104.0
2012-05-16,8.75,8.92,9.09,8.67,5019821.0,44822636.0
2012-05-17,8.92,9.15,9.23,8.79,6018124.0,54413836.0
2012-05-18,8.94,8.45,9.06,8.43,8028313.0,70154488.0
2012-05-21,8.44,8.51,8.66,8.32,5118099.0,43455856.0
2012-05-22,8.53,8.61,8.74,8.49,5047935.0,43486908.0
2012-05-23,8.56,8.43,8.6,8.35,3867085.0,32738314.0
2012-05-24,8.37,8.54,8.74,8.37,4990108.0,42720004.0
2012-05-25,8.51,8.52,8.59,8.4,2647705.0,22455560.0
2012-05-28,8.45,8.77,8.87,8.22,6195201.0,53599928.0
2012-05-29,8.68,9.02,9.18,8.65,10794030.0,96528560.0
2012-05-30,9.0,8.97,9.06,8.9,5871415.0,52711984.0
2012-05-31,8.89,8.94,9.11,8.81,5526250.0,49470500.0
2012-06-01,8.95,8.9,9.09,8.84,3790902.0,34073756.0
2012-06-04,8.65,8.31,8.71,8.26,5549320.0,47150512.0
2012-06-05,8.31,8.35,8.4,8.28,2737984.0,22834164.0
2012-06-06,8.36,8.35,8.52,8.31,2331956.0,19618612.0
2012-06-07,8.49,8.28,8.55,8.22,2259162.0,18948732.0
2012-06-08,8.34,8.28,8.42,8.25,1540796.0,12837485.0
2012-06-11,8.26,8.43,8.46,8.26,1768145.0,14840450.0
2012-06-12,8.34,8.33,8.39,8.31,1495502.0,12470202.0
2012-06-13,8.35,8.46,8.47,8.33,2032633.0,17093264.0
2012-06-14,8.46,8.38,8.54,8.37,2096648.0,17742800.0
2012-06-15,8.33,8.45,8.48,8.31,2021115.0,16971466.0
2012-06-18,8.52,8.48,8.55,8.45,2123691.0,18055306.0
2012-06-19,8.42,8.35,8.46,8.34,1855211.0,15548686.0
2012-06-20,8.36,8.34,8.45,8.32,1551756.0,12985472.0
2012-06-21,8.34,8.11,8.34,8.06,2254358.0,18327268.0
2012-06-25,8.09,7.77,8.09,7.73,2129453.0,16829018.0
2012-06-26,7.79,7.82,7.87,7.72,1600224.0,12472776.0
2012-06-27,7.83,7.74,7.87,7.71,1523773.0,11871943.0
2012-06-28,7.76,7.54,7.8,7.53,1540519.0,11770145.0
2012-06-29,7.53,7.82,8.02,7.45,2522725.0,19610176.0
2012-07-02,7.84,7.86,7.89,7.8,1922387.0,15102725.0
2012-07-03,7.78,7.77,7.9,7.68,1532776.0,11977621.0
2012-07-04,7.78,7.73,7.89,7.69,1214982.0,9457230.0
2012-07-05,7.73,7.55,7.73,7.46,1386933.0,10451254.0
2012-07-06,7.62,7.82,7.88,7.39,2697725.0,20733202.0
2012-07-09,7.75,7.5,7.76,7.49,1945803.0,14827858.0
2012-07-10,7.47,7.51,7.57,7.46,1205864.0,9066478.0
2012-07-11,7.51,7.69,7.83,7.48,2134830.0,16390922.0
2012-07-12,7.63,7.89,8.11,7.5,4230655.0,33294066.0
2012-07-13,7.8,7.74,7.86,7.71,2170736.0,16867902.0
2012-07-16,7.76,7.45,7.78,7.44,1929683.0,14596425.0
2012-07-17,7.45,7.58,7.73,7.45,1173360.0,8899529.0
2012-07-18,7.58,7.66,7.66,7.46,1153859.0,8708666.0
2012-07-19,7.59,7.78,7.85,7.58,2708875.0,21020234.0
2012-07-20,7.91,7.65,7.91,7.63,1707684.0,13224696.0
2012-07-23,7.52,7.54,7.63,7.48,1332733.0,10057281.0
2012-07-24,7.47,7.67,7.87,7.47,1766741.0,13540872.0
2012-07-25,7.61,7.58,7.71,7.57,1067870.0,8144760.0
2012-07-26,7.59,7.58,7.9,7.55,2431533.0,18789922.0
2012-07-27,7.65,7.54,7.69,7.51,1717307.0,13040061.0
2012-07-30,7.5,7.34,7.62,7.33,1925724.0,14308935.0
2012-07-31,7.32,6.95,7.38,6.93,1667068.0,11835939.0
2012-08-01,6.95,7.1,7.23,6.95,1383553.0,9859122.0
2012-08-02,7.09,6.99,7.11,6.96,1130023.0,7940619.0
2012-08-03,7.01,7.12,7.12,6.96,1061113.0,7488119.0
2012-08-06,7.04,7.3,7.33,7.04,2029632.0,14658493.0
2012-08-07,7.29,7.31,7.43,7.26,1885638.0,13833051.0
2012-08-08,7.36,7.37,7.6,7.32,2294915.0,17107252.0
2012-08-09,7.29,7.41,7.49,7.24,1797594.0,13211303.0
2012-08-10,7.41,7.36,7.47,7.31,1345028.0,9915482.0
2012-08-13,7.36,7.14,7.36,7.14,1270162.0,9184182.0
2012-08-14,7.1,7.25,7.29,7.0,1627727.0,11673597.0
2012-08-15,7.21,7.09,7.21,7.05,1276698.0,9099712.0
2012-08-16,7.05,7.05,7.14,7.01,763687.0,5401891.0
2012-08-17,7.05,7.08,7.1,6.99,693070.0,4884364.0
2012-08-20,7.05,7.05,7.11,6.95,834903.0,5862650.0
2012-08-21,7.01,7.16,7.17,7.01,1285724.0,9145672.0
2012-08-22,7.13,7.05,7.21,7.01,1040252.0,7379343.0
2012-08-23,7.04,7.47,7.76,7.04,10489597.0,79671152.0
2012-08-24,7.24,7.08,7.31,7.05,6077793.0,43562400.0
2012-08-27,6.95,6.94,7.04,6.88,2099697.0,14585599.0
2012-08-28,6.95,6.94,7.03,6.79,1863579.0,12924784.0
2012-08-29,6.95,6.87,6.96,6.86,1361275.0,9392892.0
2012-08-30,6.86,6.68,6.91,6.55,1988317.0,13393292.0
2012-08-31,6.68,6.67,6.74,6.65,1011755.0,6769391.0
2012-09-03,6.64,6.76,6.79,6.6,1216421.0,8201515.0
2012-09-04,6.76,6.65,6.8,6.64,1066793.0,7174384.0
2012-09-05,6.61,6.67,6.72,6.55,1427679.0,9462905.0
2012-09-06,6.67,6.76,6.78,6.65,1560466.0,10490534.0
2012-09-07,6.84,7.05,7.18,6.81,4716819.0,33238742.0
2012-09-10,7.1,7.26,7.58,7.0,7608745.0,55584324.0
2012-09-11,7.15,7.1,7.17,7.0,3727647.0,26360908.0
2012-09-12,7.15,7.22,7.38,7.1,4106513.0,29689486.0
2012-09-13,7.17,7.12,7.24,7.12,2252087.0,16170021.0
2012-09-14,7.41,7.19,7.47,7.16,3519741.0,25647688.0
2012-09-17,7.2,6.97,7.27,6.96,2241653.0,15945874.0
2012-09-18,6.95,6.83,6.95,6.78,1653928.0,11319781.0
2012-09-19,6.84,6.97,7.0,6.81,1513750.0,10443513.0
2012-09-20,6.89,6.74,6.93,6.7,1736875.0,11804229.0
2012-09-21,6.66,6.74,6.9,6.65,1245005.0,8470627.0
2012-09-24,6.71,6.79,6.88,6.62,1617092.0,10937628.0
2012-09-25,6.71,6.71,6.82,6.66,1225793.0,8242672.0
2012-09-26,6.71,6.59,6.76,6.58,910827.0,6040039.0
2012-09-27,6.58,6.71,6.81,6.5,1934489.0,12945583.0
2012-09-28,6.66,6.82,6.86,6.66,2009175.0,13631415.0
2012-10-08,6.81,6.75,6.89,6.7,982836.0,6656602.0
2012-10-09,6.73,6.9,6.91,6.73,2006140.0,13795432.0
2012-10-10,6.9,7.05,7.08,6.84,3527144.0,24563634.0
2012-10-11,6.95,7.38,7.76,6.93,17451179.0,131926840.0
2012-10-12,7.19,7.1,7.42,6.95,11516830.0,82368880.0
2012-10-15,6.99,6.83,7.03,6.7,5602420.0,38397776.0
2012-10-16,6.83,6.81,6.93,6.79,2611258.0,17902164.0
2012-10-17,6.86,6.87,6.94,6.77,2652505.0,18174190.0
2012-10-18,6.89,6.98,7.01,6.83,3501674.0,24309048.0
2012-10-19,6.99,7.01,7.15,6.93,3752895.0,26296684.0
2012-10-22,6.92,6.95,6.98,6.86,2369818.0,16371697.0
2012-10-23,6.94,6.87,6.99,6.87,2128902.0,14722076.0
2012-10-24,6.84,6.93,7.01,6.84,2960637.0,20446402.0
2012-10-25,6.91,6.9,7.1,6.88,3253053.0,22727588.0
2012-10-26,6.9,6.65,6.91,6.63,3425761.0,23015528.0
2012-10-29,6.65,6.68,6.72,6.62,993517.0,6618193.0
2012-10-30,6.66,6.69,6.78,6.65,1230485.0,8254186.0
2012-10-31,6.72,6.76,6.76,6.65,1102114.0,7404940.0
2012-11-01,6.77,6.91,6.91,6.77,2126946.0,14602762.0
2012-11-02,6.91,6.9,6.93,6.84,1283622.0,8840569.0
2012-11-05,6.86,6.93,7.08,6.82,2706694.0,18845228.0
2012-11-06,6.9,6.82,6.91,6.71,2205367.0,14995731.0
2012-11-07,6.79,6.89,7.08,6.79,4151169.0,28941134.0
2012-11-08,6.79,6.67,6.8,6.66,2831700.0,18973098.0
2012-11-09,6.63,6.65,6.72,6.63,977604.0,6514855.0
2012-11-12,6.65,6.78,6.82,6.65,1028193.0,6901922.0
2012-11-13,6.73,6.67,6.76,6.6,1191399.0,7958451.0
2012-11-14,6.69,6.82,7.22,6.66,4315243.0,29751296.0
2012-11-15,6.72,6.63,6.73,6.6,2522147.0,16751024.0
2012-11-16,6.62,6.6,6.65,6.53,1156593.0,7598509.0
2012-11-19,6.63,6.62,6.64,6.49,1002439.0,6569760.0
2012-11-20,6.66,6.52,6.66,6.52,1090064.0,7173567.0
2012-11-21,6.51,6.62,6.66,6.41,1369898.0,8967940.0
2012-11-22,6.57,6.51,6.6,6.51,1209991.0,7911633.0
2012-11-23,6.56,6.52,6.57,6.46,1137271.0,7414211.0
2012-11-26,6.53,6.51,6.66,6.48,1002850.0,6582845.0
2012-11-27,6.5,6.26,6.5,6.21,1460975.0,9197906.0
2012-11-28,6.26,5.98,6.26,5.97,1297707.0,7851615.0
2012-11-29,5.96,5.89,6.07,5.83,1060862.0,6328065.0
2012-11-30,5.89,5.94,6.02,5.89,922914.0,5503645.0
2012-12-03,5.94,5.78,6.0,5.78,790737.0,4659197.0
2012-12-04,5.78,5.83,5.84,5.53,1452580.0,8275719.0
2012-12-05,5.8,6.02,6.13,5.78,2457065.0,14732231.0
2012-12-06,6.02,6.0,6.08,5.95,1292257.0,7759890.0
2012-12-07,6.03,6.12,6.24,5.96,2274936.0,13899152.0
2012-12-10,6.14,6.23,6.27,6.14,2453920.0,15226230.0
2012-12-11,6.19,6.33,6.71,6.13,5446709.0,34981176.0
2012-12-12,6.23,6.24,6.28,6.16,2810480.0,17469864.0
2012-12-13,6.24,6.08,6.35,6.07,2065552.0,12808268.0
2012-12-14,6.04,6.33,6.36,6.02,4008526.0,25179068.0
2012-12-17,6.33,6.39,6.65,6.31,4979694.0,32201814.0
2012-12-18,6.39,6.48,6.68,6.36,5012629.0,32545280.0
2012-12-19,6.42,6.62,6.62,6.33,3142669.0,20250970.0
2012-12-20,6.47,6.52,6.53,6.24,14863775.0,94804176.0
2012-12-21,6.41,6.35,6.51,6.31,6401820.0,40911272.0
2012-12-24,6.32,6.27,6.37,6.24,2754148.0,17360336.0
2012-12-25,6.24,6.43,6.55,6.23,7060754.0,45280320.0
2012-12-26,6.42,6.49,6.52,6.37,7736146.0,49892196.0
2012-12-27,6.52,6.43,6.57,6.4,5725386.0,37087244.0
2012-12-28,6.38,6.5,6.57,6.37,5863702.0,37905992.0
2012-12-31,6.52,6.55,6.57,6.4,6067764.0,39445164.0
2013-01-04,6.58,6.58,6.7,6.45,12535960.0,82669232.0
2013-01-07,6.53,6.49,6.55,6.42,5351448.0,34581536.0
2013-01-08,6.48,6.56,6.58,6.42,5642189.0,36686348.0
2013-01-09,6.54,6.59,6.7,6.46,8420682.0,55532304.0
2013-01-10,6.68,6.62,6.73,6.53,7296011.0,48278476.0
2013-01-11,6.66,6.37,6.68,6.36,6032427.0,39432552.0
2013-01-14,6.33,6.54,6.55,6.23,7002382.0,44913760.0
2013-01-15,6.52,6.65,6.69,6.49,8436085.0,55743908.0
2013-01-16,6.64,6.69,6.89,6.57,12925124.0,86977240.0
2013-01-17,6.67,6.49,6.76,6.48,10002626.0,65902856.0
2013-01-18,6.51,6.65,6.66,6.41,10016220.0,65613460.0
2013-01-21,6.61,6.75,6.79,6.58,9982040.0,66743040.0
2013-01-22,6.76,6.61,6.76,6.56,7084978.0,47098948.0
2013-01-23,6.61,6.65,6.7,6.51,5284140.0,34907768.0
2013-01-24,6.65,6.46,6.77,6.42,8719980.0,57765584.0
2013-01-25,6.28,6.19,6.4,6.16,7829768.0,49263332.0
2013-01-28,6.18,6.31,6.36,6.18,4625859.0,28962570.0
2013-01-29,6.42,6.38,6.46,6.32,4896947.0,31226234.0
2013-01-30,6.36,6.37,6.49,6.31,5195392.0,33149356.0
2013-01-31,6.37,6.4,6.54,6.36,5446255.0,35102852.0
2013-02-01,6.4,6.43,6.44,6.29,5333266.0,33829620.0
2013-02-04,6.44,6.63,6.95,6.38,19959927.0,132181400.0
2013-02-05,6.54,6.68,6.69,6.45,9309812.0,61329400.0
2013-02-06,6.65,6.61,6.73,6.59,5645641.0,37536980.0
2013-02-07,6.6,6.64,6.71,6.55,5636223.0,37457924.0
2013-02-08,6.62,6.73,6.77,6.59,5653447.0,37878248.0
2013-02-18,6.75,6.64,6.76,6.62,6091508.0,40575476.0
2013-02-19,6.64,6.57,6.65,6.48,4588749.0,30088714.0
2013-02-20,6.56,6.72,6.76,6.52,7438890.0,49642628.0
2013-02-21,6.66,6.5,6.74,6.43,5794545.0,38068136.0
2013-02-22,6.5,6.49,6.6,6.44,2685360.0,17475128.0
2013-02-25,6.48,6.51,6.56,6.47,2326525.0,15137909.0
2013-02-26,6.49,6.3,6.63,6.28,4032424.0,25917212.0
2013-02-27,6.35,6.23,6.36,6.15,4197566.0,26284154.0
2013-02-28,6.26,6.34,6.35,6.2,2917695.0,18346070.0
2013-03-01,6.26,6.27,6.33,6.18,5105124.0,31873462.0
2013-03-04,6.2,5.96,6.22,5.93,5626391.0,34124248.0
2013-03-05,5.98,6.07,6.08,5.96,3045188.0,18379920.0
2013-03-06,6.09,6.21,6.24,6.07,3991436.0,24475580.0
2013-03-07,6.18,6.17,6.36,6.14,8939115.0,55752552.0
2013-03-08,6.16,6.14,6.22,6.11,2514715.0,15492814.0
2013-03-11,6.13,6.17,6.19,6.06,2298868.0,14117047.0
2013-03-12,6.16,6.03,6.28,5.97,2998013.0,18305330.0
2013-03-13,6.05,6.22,6.24,5.94,8238568.0,50651152.0
2013-03-14,6.16,6.06,6.21,5.97,4584666.0,27879052.0
2013-03-15,6.04,6.03,6.15,5.97,3295567.0,20008876.0
2013-03-18,5.95,5.84,6.04,5.84,2972241.0,17591942.0
2013-03-19,5.82,5.9,5.91,5.76,2633427.0,15385184.0
2013-03-20,5.88,5.97,5.99,5.85,2882051.0,17113852.0
2013-03-21,5.97,6.02,6.08,5.95,3802752.0,22915148.0
2013-03-22,6.03,6.06,6.08,5.98,2563561.0,15429420.0
2013-03-25,6.08,6.06,6.09,5.99,2140056.0,12933523.0
2013-03-26,6.06,5.99,6.06,5.87,2304690.0,13793656.0
2013-03-27,5.97,6.11,6.32,5.94,10148379.0,62143240.0
2013-03-28,6.22,5.93,6.28,5.9,3842315.0,23102058.0
2013-03-29,5.9,6.04,6.08,5.89,5583799.0,33527478.0
2013-04-01,5.99,6.14,6.19,5.99,6351753.0,38753044.0
2013-04-02,6.11,5.81,6.22,5.8,11335276.0,68617208.0
2013-04-03,5.85,5.23,5.85,5.23,15785388.0,83680264.0
2013-04-08,4.87,4.95,5.0,4.86,6966204.0,34388252.0
2013-04-09,4.95,5.01,5.08,4.95,5025950.0,25160810.0
2013-04-10,5.0,5.16,5.28,4.95,8811973.0,45489908.0
2013-04-11,5.11,5.02,5.15,5.0,4613515.0,23302226.0
2013-04-12,5.02,4.98,5.05,4.96,1794315.0,8961015.0
2013-04-15,4.97,4.87,4.97,4.86,2379875.0,11689998.0
2013-04-16,4.82,4.89,4.9,4.75,2721908.0,13088393.0
2013-04-17,4.88,4.87,4.94,4.85,1859215.0,9075345.0
2013-04-18,4.81,4.92,4.94,4.79,2913135.0,14154182.0
2013-04-19,4.89,4.98,5.01,4.89,4035987.0,20026384.0
2013-04-22,4.96,4.94,4.96,4.9,3078600.0,15160050.0
2013-04-23,4.95,4.78,4.95,4.78,2897705.0,14025577.0
2013-04-24,4.8,4.83,4.87,4.78,1852243.0,8920007.0
2013-04-25,4.83,4.66,4.86,4.66,2879241.0,13732878.0
2013-04-26,4.67,4.6,4.75,4.6,2542621.0,11859014.0
2013-05-02,4.62,4.62,4.67,4.55,1487027.0,6871750.0
2013-05-03,4.64,4.71,4.74,4.63,2770905.0,13036692.0
2013-05-06,4.76,4.8,4.85,4.76,2425599.0,11643812.0
2013-05-07,4.77,4.81,4.88,4.75,3087697.0,14890687.0
2013-05-08,4.82,4.82,4.87,4.76,2167193.0,10381884.0
2013-05-09,4.82,4.72,4.83,4.69,2548034.0,12097036.0
2013-05-10,4.72,4.76,4.77,4.68,2315475.0,10948027.0
2013-05-13,4.76,4.78,4.78,4.71,2075279.0,9846764.0
2013-05-14,4.78,4.94,4.95,4.54,6165755.0,29663646.0
2013-05-15,4.9,4.82,5.01,4.76,12342917.0,59646476.0
2013-05-16,4.78,4.78,4.81,4.66,5831379.0,27635174.0
2013-05-17,4.77,4.83,4.87,4.72,6244240.0,29911244.0
2013-05-20,4.84,4.88,4.93,4.84,6376169.0,31114126.0
2013-05-21,4.88,4.94,4.94,4.88,6398237.0,31393308.0
2013-05-22,4.95,5.05,5.11,4.94,11537428.0,57871512.0
2013-05-23,5.05,5.2,5.37,4.98,18645134.0,96823112.0
2013-05-24,5.19,5.11,5.23,5.1,9668208.0,49794204.0
2013-05-27,5.13,5.07,5.16,5.03,6556787.0,33321016.0
2013-05-28,5.05,5.14,5.15,5.0,6046458.0,30724906.0
2013-05-29,5.15,5.1,5.16,5.07,4466876.0,22754886.0
2013-05-30,5.07,5.06,5.1,5.03,3519046.0,17814850.0
2013-05-31,5.09,5.07,5.16,5.06,3944074.0,20135244.0
2013-06-03,5.08,5.03,5.11,5.0,2665858.0,13455950.0
2013-06-04,5.02,4.92,5.05,4.91,2933673.0,14561956.0
2013-06-05,4.94,4.84,4.95,4.81,5332287.0,25915666.0
2013-06-06,4.82,4.71,4.84,4.68,7288560.0,34630580.0
2013-06-07,4.73,4.63,4.77,4.62,3305960.0,15499042.0
2013-06-13,4.59,4.41,4.6,4.39,3675711.0,16353069.0
2013-06-14,4.44,4.41,4.46,4.4,2391876.0,10603865.0
2013-06-17,4.42,4.44,4.46,4.37,2030754.0,8981948.0
2013-06-18,4.43,4.4,4.44,4.38,2176116.0,9602118.0
2013-06-19,4.4,4.39,4.41,4.26,3615002.0,15650902.0
2013-06-20,4.35,4.25,4.36,4.25,2468203.0,10635188.0
2013-06-21,4.13,4.19,4.22,4.08,1951366.0,8121182.0
2013-06-24,4.17,3.79,4.19,3.78,3775202.0,14838796.0
2013-06-25,3.78,3.67,3.8,3.41,4310664.0,15659928.0
2013-06-26,3.67,3.66,3.73,3.6,2943601.0,10761487.0
2013-06-27,3.65,3.62,3.8,3.62,4247575.0,15773106.0
2013-06-28,3.63,3.57,3.71,3.46,3147783.0,11327060.0
2013-07-01,3.58,3.62,3.64,3.53,3083288.0,11101121.0
2013-07-02,3.57,3.67,3.68,3.57,3009643.0,10941039.0
2013-07-03,3.65,3.64,3.65,3.55,2511379.0,9069263.0
2013-07-04,3.63,3.69,3.78,3.57,4799711.0,17756542.0
2013-07-05,3.68,3.75,3.88,3.66,6825970.0,25766682.0
2013-07-08,3.67,3.53,3.67,3.49,3996643.0,14285037.0
2013-07-09,3.53,3.65,3.7,3.52,4419947.0,16017983.0
2013-07-10,3.63,3.78,3.81,3.61,5261470.0,19529832.0
2013-07-11,3.79,3.88,3.96,3.77,6217118.0,24031948.0
2013-07-12,3.86,3.77,3.9,3.76,4919230.0,18799994.0
2013-07-15,3.77,3.78,3.83,3.76,2590407.0,9818722.0
2013-07-16,3.77,3.83,3.83,3.75,2482811.0,9434696.0
2013-07-17,3.82,3.77,3.87,3.76,3051513.0,11635491.0
2013-07-18,3.77,3.66,3.79,3.66,3372260.0,12443539.0
2013-07-19,3.68,3.55,3.72,3.55,3007216.0,10936134.0
2013-07-22,3.52,3.6,3.62,3.52,2389634.0,8529748.0
2013-07-23,3.61,3.7,3.74,3.59,3571918.0,13183737.0
2013-07-24,3.71,3.72,3.73,3.61,3581683.0,13200819.0
2013-07-25,3.71,3.65,3.72,3.62,2586960.0,9494035.0
2013-07-26,3.64,3.62,3.67,3.59,1567317.0,5687035.0
2013-07-29,3.6,3.53,3.6,3.51,2711276.0,9595884.0
2013-07-30,3.53,3.54,3.58,3.52,2111845.0,7503011.0
2013-07-31,3.53,3.55,3.6,3.53,1540748.0,5493172.0
2013-08-01,3.54,3.69,3.7,3.54,3961431.0,14457048.0
2013-08-02,3.71,3.71,3.8,3.66,4313542.0,16144746.0
2013-08-05,3.69,3.76,3.77,3.68,2805862.0,10476504.0
2013-08-06,3.73,3.81,3.83,3.71,3241314.0,12270388.0
2013-08-07,3.81,3.78,3.83,3.74,3503003.0,13279531.0
2013-08-08,3.77,3.82,3.85,3.77,3963126.0,15160291.0
2013-08-09,3.82,4.2,4.2,3.81,13352907.0,54818168.0
2013-08-12,4.3,4.63,4.63,4.22,32374163.0,144778864.0
2013-08-13,4.7,5.09,5.09,4.56,21451828.0,104436752.0
2013-08-14,5.35,5.6,5.6,5.09,50524946.0,268418368.0
2013-08-15,5.41,5.43,5.59,5.33,34556581.0,187962192.0
2013-08-16,5.43,5.45,5.58,5.29,32916944.0,178814656.0
2013-08-19,5.33,5.7,5.88,5.13,39798245.0,219363296.0
2013-08-20,5.55,5.78,6.07,5.43,37996824.0,217323040.0
2013-08-21,5.62,5.65,5.86,5.59,22446678.0,127547224.0
2013-08-22,5.71,5.65,5.76,5.53,18396094.0,103393584.0
2013-08-23,5.65,5.8,6.11,5.57,38216052.0,224030320.0
2013-08-26,5.65,5.79,6.01,5.58,22733227.0,131427832.0
2013-08-27,5.72,5.94,5.98,5.68,24608862.0,143591648.0
2013-08-28,5.89,5.95,6.04,5.77,27129212.0,160561456.0
2013-08-29,5.9,5.54,5.92,5.43,25067599.0,141088624.0
2013-08-30,5.48,5.32,5.52,5.23,22036709.0,117834544.0
2013-09-02,5.28,5.45,5.54,5.23,15939102.0,85518832.0
2013-09-03,5.39,5.45,5.48,5.33,12030836.0,64981956.0
2013-09-04,5.45,5.34,5.58,5.27,16992007.0,91915176.0
2013-09-05,5.25,5.2,5.28,5.09,14703596.0,76207288.0
2013-09-06,5.18,5.26,5.36,5.16,12199685.0,64309456.0
2013-09-09,5.25,5.8,5.8,5.24,34779722.0,195719040.0
2013-09-10,5.8,6.15,6.37,5.8,51908407.0,318854240.0
2013-09-11,6.05,5.92,6.66,5.92,37431114.0,232700720.0
2013-09-12,5.8,5.7,5.8,5.56,21209263.0,120532104.0
2013-09-13,5.6,5.52,5.67,5.42,13115060.0,72701776.0
2013-09-16,5.54,5.73,5.78,5.48,15076443.0,85481512.0
2013-09-17,5.72,5.32,5.72,5.31,12646491.0,69170400.0
2013-09-18,5.29,5.41,5.49,5.23,6410904.0,34435176.0
2013-09-23,5.42,5.47,5.49,5.31,7051396.0,38177496.0
2013-09-24,5.41,5.35,5.41,5.29,7802222.0,41740692.0
2013-09-25,5.35,5.62,5.79,5.3,18496356.0,103346736.0
2013-09-26,5.53,5.32,5.53,5.27,9447197.0,50892560.0
2013-09-27,5.27,5.36,5.64,5.24,10442435.0,57325584.0
2013-09-30,5.27,5.3,5.43,5.27,6207591.0,32950424.0
2013-10-08,5.29,5.41,5.41,5.12,8034427.0,42125484.0
2013-10-09,5.33,5.4,5.46,5.29,6750033.0,36279856.0
2013-10-10,5.36,5.67,5.94,5.3,21429133.0,121358776.0
2013-10-11,5.6,5.76,5.98,5.54,20437064.0,119010680.0
2013-10-14,5.7,5.86,5.91,5.63,14962110.0,86851448.0
2013-10-15,5.8,5.96,6.17,5.76,16160847.0,96562336.0
2013-10-16,5.88,5.63,5.96,5.6,10873423.0,62300584.0
2013-10-17,5.67,5.91,6.16,5.61,19068270.0,113100928.0
2013-10-18,5.85,5.97,6.14,5.85,14462943.0,86616800.0
2013-10-21,5.89,5.99,6.11,5.7,15610235.0,92222240.0
2013-10-22,5.96,6.27,6.43,5.85,27851641.0,170721312.0
2013-10-23,6.23,6.05,6.41,5.99,19454668.0,120585208.0
2013-10-24,5.87,5.76,5.96,5.71,12483564.0,72657736.0
2013-10-25,5.77,5.46,5.83,5.46,9210622.0,51663004.0
2013-10-28,5.39,5.46,5.56,5.37,5299064.0,28980786.0
2013-10-29,5.41,4.95,5.53,4.92,12235417.0,62053136.0
2013-10-30,4.91,5.03,5.14,4.81,8172746.0,40879624.0
2013-10-31,5.0,5.02,5.08,4.93,5901972.0,29483168.0
2013-11-01,4.98,5.04,5.08,4.95,4498489.0,22589486.0
2013-11-04,5.02,5.04,5.08,4.99,3687016.0,18548312.0
2013-11-05,5.04,5.04,5.04,4.89,4802251.0,23870918.0
2013-11-06,5.02,5.11,5.41,4.97,10277434.0,53443136.0
2013-11-07,5.07,5.09,5.23,5.04,4747337.0,24341916.0
2013-11-08,5.1,5.19,5.24,5.03,7405551.0,38192164.0
2013-11-11,5.14,5.07,5.2,4.98,4785912.0,24291236.0
2013-11-12,5.06,5.0,5.11,4.91,4568734.0,22918926.0
2013-11-13,4.97,4.83,4.97,4.83,5651699.0,27554894.0
2013-11-14,4.8,4.69,4.8,4.46,6931404.0,32146894.0
2013-11-15,4.66,4.78,4.87,4.66,5958751.0,28672546.0
2013-11-18,4.8,5.05,5.07,4.79,6946703.0,34275964.0
2013-11-19,5.05,4.97,5.07,4.93,5104889.0,25466806.0
2013-11-20,4.96,4.99,5.06,4.94,3620173.0,18086000.0
2013-11-21,4.98,5.07,5.14,4.95,6423863.0,32594482.0
2013-11-22,5.05,4.96,5.08,4.94,4474302.0,22301874.0
2013-11-25,4.95,4.85,4.95,4.84,4284487.0,20946814.0
2013-11-26,4.84,4.87,4.88,4.81,2963633.0,14367177.0
2013-11-27,4.88,4.93,4.98,4.84,3382354.0,16591853.0
2013-11-28,4.95,5.1,5.15,4.91,10008121.0,50806588.0
2013-11-29,5.07,4.99,5.1,4.96,6882473.0,34450960.0
2013-12-02,4.9,4.65,4.94,4.63,7625684.0,36317216.0
2013-12-03,4.65,4.78,4.84,4.65,4267452.0,20339466.0
2013-12-04,4.79,4.8,4.85,4.7,4189876.0,20123652.0
2013-12-05,4.84,4.8,4.89,4.78,3076848.0,14815676.0
2013-12-06,4.8,4.8,4.87,4.76,2565404.0,12323460.0
2013-12-09,4.82,4.79,4.86,4.76,2520489.0,12072285.0
2013-12-10,4.79,4.76,4.82,4.73,2966681.0,14133315.0
2013-12-11,4.76,4.65,4.79,4.62,4134408.0,19313830.0
2013-12-12,4.65,4.67,4.7,4.65,1887238.0,8806690.0
2013-12-13,4.67,4.67,4.71,4.65,1753308.0,8216852.0
2013-12-16,4.67,4.57,4.7,4.56,2513793.0,11581256.0
2013-12-17,4.58,4.56,4.62,4.56,1443193.0,6612961.0
2013-12-18,4.56,4.56,4.56,4.56,0.0,0.0
2013-12-19,4.56,4.56,4.56,4.56,0.0,0.0
2013-12-20,4.56,4.56,4.56,4.56,0.0,0.0
2013-12-23,4.56,4.56,4.56,4.56,0.0,0.0
2013-12-24,4.56,4.56,4.56,4.56,0.0,0.0
2013-12-25,4.56,4.56,4.56,4.56,0.0,0.0
2013-12-26,4.56,4.56,4.56,4.56,0.0,0.0
2013-12-27,4.56,4.56,4.56,4.56,0.0,0.0
2013-12-30,4.56,4.56,4.56,4.56,0.0,0.0
2013-12-31,4.56,4.56,4.56,4.56,0.0,0.0
2014-01-02,4.56,4.56,4.56,4.56,0.0,0.0
2014-01-03,4.56,4.56,4.56,4.56,0.0,0.0
2014-01-06,4.56,4.56,4.56,4.56,0.0,0.0
2014-01-07,4.56,4.56,4.56,4.56,0.0,0.0
2014-01-08,4.56,4.56,4.56,4.56,0.0,0.0
2014-01-09,4.56,4.56,4.56,4.56,0.0,0.0
2014-01-10,4.56,4.56,4.56,4.56,0.0,0.0
2014-01-13,4.56,4.56,4.56,4.56,0.0,0.0
2014-01-14,4.56,4.56,4.56,4.56,0.0,0.0
2014-01-15,4.56,4.56,4.56,4.56,0.0,0.0
2014-01-16,4.56,4.56,4.56,4.56,0.0,0.0
2014-01-17,4.56,4.56,4.56,4.56,0.0,0.0
2014-01-20,4.56,4.56,4.56,4.56,0.0,0.0
2014-01-21,4.56,4.56,4.56,4.56,0.0,0.0
2014-01-22,4.56,4.56,4.56,4.56,0.0,0.0
2014-01-23,4.56,4.56,4.56,4.56,0.0,0.0
2014-01-24,4.56,4.56,4.56,4.56,0.0,0.0
2014-01-27,4.56,4.56,4.56,4.56,0.0,0.0
2014-01-28,4.56,4.56,4.56,4.56,0.0,0.0
2014-01-29,4.56,4.56,4.56,4.56,0.0,0.0
2014-01-30,4.56,4.56,4.56,4.56,0.0,0.0
2014-02-07,4.56,4.56,4.56,4.56,0.0,0.0
2014-02-10,4.56,4.56,4.56,4.56,0.0,0.0
2014-02-11,4.56,4.56,4.56,4.56,0.0,0.0
2014-02-12,4.56,4.56,4.56,4.56,0.0,0.0
2014-02-13,4.56,4.56,4.56,4.56,0.0,0.0
2014-02-14,4.56,4.56,4.56,4.56,0.0,0.0
2014-02-17,4.56,4.56,4.56,4.56,0.0,0.0
2014-02-18,4.56,4.56,4.56,4.56,0.0,0.0
2014-02-19,4.56,4.56,4.56,4.56,0.0,0.0
2014-02-20,4.56,4.56,4.56,4.56,0.0,0.0
2014-02-21,4.56,4.56,4.56,4.56,0.0,0.0
2014-02-24,4.56,4.56,4.56,4.56,0.0,0.0
2014-02-25,4.56,4.56,4.56,4.56,0.0,0.0
2014-02-26,4.56,4.56,4.56,4.56,0.0,0.0
2014-02-27,4.56,4.56,4.56,4.56,0.0,0.0
2014-02-28,4.56,4.56,4.56,4.56,0.0,0.0
2014-03-03,4.56,4.56,4.56,4.56,0.0,0.0
2014-03-04,4.56,4.56,4.56,4.56,0.0,0.0
2014-03-05,4.56,4.56,4.56,4.56,0.0,0.0
2014-03-06,4.56,4.56,4.56,4.56,0.0,0.0
2014-03-07,4.56,4.56,4.56,4.56,0.0,0.0
2014-03-10,4.56,4.56,4.56,4.56,0.0,0.0
2014-03-11,4.56,4.56,4.56,4.56,0.0,0.0
2014-03-12,4.56,4.56,4.56,4.56,0.0,0.0
2014-03-13,4.56,4.56,4.56,4.56,0.0,0.0
2014-03-14,4.56,4.56,4.56,4.56,0.0,0.0
2014-03-17,4.79,4.79,4.79,4.79,1644649.0,7878836.0
2014-03-18,5.02,4.55,5.02,4.55,15641160.0,73960792.0
2014-03-19,4.41,4.32,4.46,4.32,8754460.0,38017504.0
2014-03-20,4.34,4.23,4.38,4.22,8726058.0,37649440.0
2014-03-21,4.18,4.13,4.21,4.02,11325275.0,45997532.0
2014-03-24,4.1,4.15,4.24,4.1,7648955.0,31892244.0
2014-03-25,4.14,4.18,4.23,4.12,5407589.0,22606178.0
2014-03-26,4.18,4.15,4.19,4.1,4178077.0,17323340.0
2014-03-27,4.14,4.08,4.15,4.08,4599326.0,18937984.0
2014-03-28,4.06,3.97,4.1,3.92,5192840.0,20840656.0
2014-03-31,3.99,4.0,4.12,3.97,4267820.0,17157192.0
2014-04-01,4.03,4.05,4.07,3.99,2279471.0,9205792.0
2014-04-02,4.05,4.12,4.17,4.05,5001400.0,20585052.0
2014-04-03,4.11,4.12,4.19,4.09,4273826.0,17675618.0
2014-04-04,4.12,4.18,4.18,4.1,3101275.0,12882538.0
2014-04-08,4.15,4.18,4.21,4.13,4225399.0,17687064.0
2014-04-09,4.22,4.21,4.26,4.18,4573659.0,19232212.0
2014-04-10,4.21,4.17,4.21,4.15,5044876.0,21126406.0
2014-04-11,4.16,4.16,4.18,4.12,3466632.0,14390514.0
2014-04-14,4.14,4.17,4.2,4.14,2682854.0,11193568.0
2014-04-15,4.17,4.21,4.25,4.17,4337948.0,18245668.0
2014-04-16,4.22,4.19,4.23,4.14,2844342.0,11879205.0
2014-04-17,4.23,4.28,4.32,4.23,8682103.0,37206576.0
2014-04-18,4.28,4.38,4.39,4.26,5880986.0,25582126.0
2014-04-21,4.36,4.23,4.36,4.23,4400812.0,18927064.0
2014-04-22,4.23,4.18,4.23,4.13,4681534.0,19524074.0
2014-04-23,4.21,4.22,4.23,4.18,2628622.0,11047156.0
2014-04-24,4.22,4.22,4.28,4.18,3519449.0,14857298.0
2014-04-25,4.26,4.15,4.29,4.15,4948002.0,20991376.0
2014-04-28,4.11,3.95,4.14,3.95,3198343.0,12867582.0
2014-04-29,3.95,4.01,4.01,3.91,2421898.0,9600492.0
2014-04-30,3.99,4.05,4.06,3.98,1656049.0,6674341.0
2014-05-05,4.05,4.25,4.25,4.04,6264942.0,26427078.0
2014-05-06,4.27,4.24,4.32,4.2,4024480.0,17084722.0
2014-05-07,4.26,4.28,4.39,4.19,5804869.0,25074624.0
2014-05-08,4.24,4.26,4.32,4.22,3413168.0,14536729.0
2014-05-09,4.22,4.29,4.33,4.22,2951651.0,12616291.0
2014-05-12,4.32,4.38,4.41,4.24,6442924.0,28021954.0
2014-05-13,4.38,4.29,4.38,4.27,4117748.0,17743856.0
2014-05-14,4.29,4.29,4.31,4.27,1567437.0,6727631.0
2014-05-15,4.28,4.1,4.28,4.09,3873254.0,16134922.0
2014-05-16,4.1,4.15,4.16,4.04,1932903.0,7928592.0
2014-05-19,4.12,4.1,4.14,4.06,1360766.0,5571578.0
2014-05-20,4.14,4.11,4.15,4.1,1373603.0,5658492.0
2014-05-21,4.12,4.13,4.13,4.08,1385579.0,5695758.0
2014-05-22,4.12,4.12,4.19,4.11,2046794.0,8511622.0
2014-05-23,4.13,4.16,4.16,4.1,1297663.0,5362638.0
2014-05-26,4.2,4.2,4.2,4.15,2305445.0,9611775.0
2014-05-27,4.2,4.16,4.22,4.16,1758874.0,7367670.0
2014-05-28,4.17,4.17,4.19,4.09,3251908.0,13454055.0
2014-05-29,4.15,4.12,4.17,4.11,2838775.0,11771810.0
2014-05-30,4.12,4.1,4.14,4.1,1516682.0,6250419.0
2014-06-03,4.09,4.1,4.12,4.06,1697500.0,6951834.0
2014-06-04,4.09,4.07,4.1,4.03,1801560.0,7306885.0
2014-06-05,4.06,4.12,4.14,4.04,2492555.0,10207202.0
2014-06-06,4.11,4.11,4.12,4.09,1679948.0,6895595.0
2014-06-09,4.11,4.15,4.2,4.1,2818545.0,11749187.0
2014-06-10,4.17,4.21,4.21,4.17,3248364.0,13628321.0
2014-06-11,4.21,4.21,4.21,4.21,0.0,0.0
2014-06-12,4.21,4.21,4.21,4.21,0.0,0.0
2014-06-13,4.21,4.21,4.21,4.21,0.0,0.0
2014-06-16,4.21,4.21,4.21,4.21,0.0,0.0
2014-06-17,4.21,4.21,4.21,4.21,0.0,0.0
2014-06-18,4.21,4.21,4.21,4.21,0.0,0.0
2014-06-19,4.42,4.42,4.42,4.36,6903737.0,30531378.0
2014-06-20,4.37,4.27,4.42,4.21,9142249.0,39398360.0
2014-06-23,4.28,4.48,4.48,4.24,12087360.0,53369128.0
2014-06-24,4.43,4.45,4.48,4.39,7462239.0,33132388.0
2014-06-25,4.43,4.49,4.57,4.43,7262765.0,32555544.0
2014-06-26,4.47,4.46,4.5,4.43,4411285.0,19686118.0
2014-06-27,4.46,4.4,4.47,4.37,7153811.0,31497870.0
2014-06-30,4.4,4.45,4.45,4.38,4201947.0,18506966.0
2014-07-01,4.44,4.5,4.54,4.41,5140033.0,23105214.0
2014-07-02,4.51,4.49,4.54,4.45,3804079.0,17064480.0
2014-07-03,4.49,4.53,4.55,4.47,4452054.0,20137336.0
2014-07-04,4.53,4.54,4.66,4.53,5025789.0,23046238.0
2014-07-07,4.47,4.48,4.49,4.38,5894534.0,26115024.0
2014-07-08,4.47,4.48,4.51,4.4,3769248.0,16873390.0
2014-07-09,4.49,4.49,4.6,4.49,4832791.0,21923548.0
2014-07-10,4.45,4.71,4.71,4.45,9571613.0,44325908.0
2014-07-11,4.72,4.71,4.8,4.67,6052164.0,28607526.0
2014-07-14,4.71,4.83,4.89,4.67,5505414.0,26476878.0
2014-07-15,4.83,4.86,4.92,4.78,4321392.0,20928496.0
2014-07-16,4.84,4.72,4.86,4.7,6939934.0,33004562.0
2014-07-17,4.74,4.67,4.78,4.67,4298492.0,20235654.0
2014-07-18,4.67,4.73,4.78,4.65,3878134.0,18345276.0
2014-07-21,4.71,4.63,4.75,4.61,5245109.0,24399898.0
2014-07-22,4.66,4.73,4.85,4.64,7636159.0,36359172.0
2014-07-23,4.72,4.71,4.79,4.69,6843741.0,32357802.0
2014-07-24,4.71,4.68,4.73,4.62,4229410.0,19773048.0
2014-07-25,4.66,4.78,4.82,4.66,5290864.0,25219462.0
2014-07-28,4.93,5.02,5.02,4.92,16815122.0,84217648.0
2014-07-29,5.03,4.97,5.06,4.95,12161206.0,60782984.0
2014-07-30,4.95,4.95,4.98,4.91,7149850.0,35328600.0
2014-07-31,4.98,5.01,5.07,4.96,6421318.0,32139304.0
2014-08-01,5.02,4.88,5.02,4.85,7832002.0,38693452.0
2014-08-04,4.88,5.04,5.04,4.88,8054189.0,40019132.0
2014-08-05,5.07,5.06,5.15,5.0,8390978.0,42484412.0
2014-08-06,5.06,5.19,5.27,4.97,11953484.0,61765580.0
2014-08-07,5.15,5.19,5.25,5.13,9064722.0,47131308.0
2014-08-08,5.19,5.4,5.45,5.18,15533144.0,83565600.0
2014-08-11,5.38,5.41,5.46,5.32,7681676.0,41556384.0
2014-08-12,5.42,5.66,5.68,5.4,18652889.0,105422104.0
2014-08-13,5.6,5.77,5.84,5.53,15040112.0,85173760.0
2014-08-14,5.72,5.8,5.83,5.62,11004945.0,63023040.0
2014-08-15,5.83,6.02,6.04,5.8,13190607.0,78402640.0
2014-08-18,6.02,6.02,6.02,6.02,0.0,0.0
2014-08-19,6.02,6.02,6.02,6.02,0.0,0.0
2014-08-20,6.02,6.02,6.02,6.02,0.0,0.0
2014-08-21,6.02,6.02,6.02,6.02,0.0,0.0
2014-08-22,6.02,6.02,6.02,6.02,0.0,0.0
2014-08-25,6.02,6.02,6.02,6.02,0.0,0.0
2014-08-26,6.02,6.02,6.02,6.02,0.0,0.0
2014-08-27,6.02,6.02,6.02,6.02,0.0,0.0
2014-08-28,6.02,6.02,6.02,6.02,0.0,0.0
2014-08-29,6.02,6.02,6.02,6.02,0.0,0.0
2014-09-01,6.02,6.02,6.02,6.02,0.0,0.0
2014-09-02,6.02,6.02,6.02,6.02,0.0,0.0
2014-09-03,6.02,6.02,6.02,6.02,0.0,0.0
2014-09-04,6.02,6.02,6.02,6.02,0.0,0.0
2014-09-05,6.02,6.02,6.02,6.02,0.0,0.0
2014-09-09,6.02,6.02,6.02,6.02,0.0,0.0
2014-09-10,6.02,6.02,6.02,6.02,0.0,0.0
2014-09-11,6.02,6.02,6.02,6.02,0.0,0.0
2014-09-12,6.02,6.02,6.02,6.02,0.0,0.0
2014-09-15,6.02,6.02,6.02,6.02,0.0,0.0
2014-09-16,6.02,6.02,6.02,6.02,0.0,0.0
2014-09-17,6.02,6.02,6.02,6.02,0.0,0.0
2014-09-18,6.02,6.02,6.02,6.02,0.0,0.0
2014-09-19,6.02,6.02,6.02,6.02,0.0,0.0
2014-09-22,6.02,6.02,6.02,6.02,0.0,0.0
2014-09-23,6.02,6.02,6.02,6.02,0.0,0.0
2014-09-24,6.02,6.02,6.02,6.02,0.0,0.0
2014-09-25,6.02,6.02,6.02,6.02,0.0,0.0
2014-09-26,6.02,6.02,6.02,6.02,0.0,0.0
2014-09-29,6.02,6.02,6.02,6.02,0.0,0.0
2014-09-30,6.02,6.02,6.02,6.02,0.0,0.0
2014-10-08,6.02,6.02,6.02,6.02,0.0,0.0
2014-10-09,6.02,6.02,6.02,6.02,0.0,0.0
2014-10-10,6.02,6.02,6.02,6.02,0.0,0.0
2014-10-13,6.02,6.02,6.02,6.02,0.0,0.0
2014-10-14,6.02,6.02,6.02,6.02,0.0,0.0
2014-10-15,6.02,6.02,6.02,6.02,0.0,0.0
2014-10-16,6.02,6.02,6.02,6.02,0.0,0.0
2014-10-17,6.02,6.02,6.02,6.02,0.0,0.0
2014-10-20,6.02,6.02,6.02,6.02,0.0,0.0
2014-10-21,6.02,6.02,6.02,6.02,0.0,0.0
2014-10-22,6.02,6.02,6.02,6.02,0.0,0.0
2014-10-23,6.02,6.02,6.02,6.02,0.0,0.0
2014-10-24,6.02,6.02,6.02,6.02,0.0,0.0
2014-10-27,6.02,6.02,6.02,6.02,0.0,0.0
2014-10-28,6.02,6.02,6.02,6.02,0.0,0.0
2014-10-29,6.02,6.02,6.02,6.02,0.0,0.0
2014-10-30,6.02,6.02,6.02,6.02,0.0,0.0
2014-10-31,6.02,6.02,6.02,6.02,0.0,0.0
2014-11-03,6.02,6.02,6.02,6.02,0.0,0.0
2014-11-04,6.02,6.02,6.02,6.02,0.0,0.0
2014-11-05,6.02,6.02,6.02,6.02,0.0,0.0
2014-11-06,6.02,6.02,6.02,6.02,0.0,0.0
2014-11-07,6.02,6.02,6.02,6.02,0.0,0.0
2014-11-10,6.32,6.32,6.32,6.32,220355.0,1391902.0
2014-11-11,6.64,6.64,6.64,6.64,241915.0,1605189.0
2014-11-12,6.96,6.67,6.96,6.31,44129042.0,292250784.0
2014-11-13,6.65,6.34,6.65,6.34,23783473.0,153078768.0
2014-11-14,6.18,6.02,6.25,6.02,14637466.0,88577184.0
2014-11-17,5.93,6.21,6.32,5.93,22193509.0,136588256.0
2014-11-18,6.16,6.04,6.17,5.99,11761847.0,71295504.0
2014-11-19,6.04,6.06,6.1,6.02,8157464.0,49401240.0
2014-11-20,6.06,6.06,6.08,6.0,7086341.0,42808052.0
2014-11-21,6.04,6.19,6.3,6.04,10346021.0,64064524.0
2014-11-24,6.27,6.19,6.31,6.13,9322121.0,57723884.0
2014-11-25,6.19,6.24,6.37,6.18,11105461.0,69531520.0
2014-11-26,6.24,6.2,6.28,6.12,10117639.0,62510784.0
2014-11-27,6.24,6.25,6.28,6.19,9778497.0,60940116.0
2014-11-28,6.23,6.28,6.33,6.18,9502015.0,59401148.0
2014-12-01,6.23,6.07,6.29,6.06,12650331.0,78084920.0
2014-12-02,6.04,6.08,6.17,6.01,8578211.0,52388088.0
2014-12-03,6.07,6.19,6.27,5.91,14776958.0,90151088.0
2014-12-04,6.33,6.29,6.37,6.23,14530813.0,91645232.0
2014-12-05,6.3,6.06,6.33,5.97,12210382.0,74860592.0
2014-12-08,5.98,6.1,6.16,5.93,8332640.0,50626180.0
2014-12-09,6.08,5.8,6.08,5.8,12322477.0,73645648.0
2014-12-10,5.79,6.03,6.06,5.77,5947176.0,35239692.0
2014-12-11,5.99,6.08,6.08,5.95,5439204.0,32761390.0
2014-12-12,6.06,6.18,6.2,6.02,6253125.0,38425524.0
2014-12-15,6.15,6.44,6.49,6.1,12354890.0,79048176.0
2014-12-16,6.44,6.48,6.62,6.35,8580063.0,55413692.0
2014-12-17,6.39,6.26,6.45,6.16,8285302.0,52150732.0
2014-12-18,6.18,6.2,6.34,6.18,5057742.0,31586108.0
2014-12-19,6.16,6.17,6.34,6.08,6805599.0,42170456.0
2014-12-22,6.14,5.86,6.21,5.86,9340470.0,55459276.0
2014-12-23,5.8,5.88,5.94,5.8,3603491.0,21202520.0
2014-12-24,5.89,6.08,6.15,5.89,5019222.0,30410072.0
2014-12-25,6.13,6.18,6.23,6.06,5065795.0,31087858.0
2014-12-26,6.18,6.19,6.27,6.15,4755886.0,29495290.0
2014-12-29,6.18,6.23,6.38,6.08,7328295.0,45779472.0
2014-12-30,6.26,6.1,6.35,6.03,5625613.0,34837408.0
2014-12-31,6.08,6.13,6.17,6.03,4180358.0,25421928.0
2015-01-05,6.17,6.27,6.28,6.05,6712257.0,41576240.0
2015-01-06,6.21,6.36,6.37,6.16,7979187.0,50094264.0
2015-01-07,6.36,6.32,6.47,6.27,8860886.0,56596700.0
2015-01-08,6.28,6.31,6.37,6.25,6347070.0,40003484.0
2015-01-09,6.32,6.34,6.51,6.3,9414945.0,60456632.0
2015-01-12,6.28,6.08,6.28,6.04,6557231.0,40296620.0
2015-01-13,6.07,6.12,6.13,6.07,2867485.0,17502336.0
2015-01-14,6.11,6.1,6.18,6.08,3027238.0,18538502.0
2015-01-15,6.08,6.14,6.16,6.07,2970059.0,18196020.0
2015-01-16,6.17,6.25,6.3,6.17,4368126.0,27213998.0
2015-01-19,6.18,6.08,6.29,5.94,6171388.0,37847652.0
2015-01-20,6.08,6.27,6.28,6.08,4674128.0,28887806.0
2015-01-21,6.28,6.58,6.58,6.26,9405492.0,60869608.0
2015-01-22,6.71,6.63,6.91,6.62,14516886.0,98359952.0
2015-01-23,6.71,6.84,6.88,6.6,9195937.0,62301812.0
2015-01-26,6.83,7.17,7.18,6.76,12079039.0,85957776.0
2015-01-27,7.16,7.2,7.3,7.06,11397386.0,81678416.0
2015-01-28,7.12,7.2,7.29,7.0,10054764.0,71671264.0
2015-01-29,7.2,7.2,7.2,7.2,0.0,0.0
2015-01-30,7.2,7.2,7.2,7.2,0.0,0.0
2015-02-02,7.2,7.2,7.2,7.2,0.0,0.0
2015-02-03,7.2,7.2,7.2,7.2,0.0,0.0
2015-02-04,7.2,7.2,7.2,7.2,0.0,0.0
2015-02-05,7.2,7.2,7.2,7.2,0.0,0.0
2015-02-06,7.2,7.2,7.2,7.2,0.0,0.0
2015-02-09,7.38,6.84,7.4,6.84,8794531.0,61217212.0
2015-02-10,6.62,6.59,6.74,6.5,10742169.0,70414416.0
2015-02-11,6.61,6.64,6.7,6.51,5047704.0,33353266.0
2015-02-12,6.64,6.64,6.77,6.56,7213176.0,48037408.0
2015-02-13,6.68,6.94,6.96,6.64,10323108.0,70682624.0
2015-02-16,6.96,7.29,7.29,6.96,3328308.0,23839738.0
2015-02-17,7.53,7.66,7.66,7.41,11503260.0,87205384.0
2015-02-25,7.79,7.9,8.05,7.71,13010128.0,102945592.0
2015-02-26,7.98,7.86,8.3,7.8,14093836.0,113126352.0
2015-02-27,7.74,7.93,8.01,7.74,7155579.0,56269660.0
2015-03-02,7.95,8.11,8.2,7.95,7619824.0,61644960.0
2015-03-03,8.13,8.01,8.23,7.97,7890370.0,63761988.0
2015-03-04,7.96,7.89,8.13,7.85,7236689.0,57626152.0
2015-03-05,7.88,8.29,8.29,7.87,11632757.0,94351992.0
2015-03-06,8.41,8.56,8.69,8.26,12138459.0,103655872.0
2015-03-09,8.48,8.55,8.74,8.38,7649796.0,65590844.0
2015-03-10,8.55,8.52,8.62,8.38,7246196.0,61576208.0
2015-03-11,8.55,8.38,8.56,8.2,8518100.0,71220216.0
2015-03-12,8.48,8.23,8.6,8.18,7625181.0,63700196.0
2015-03-13,8.35,8.54,8.6,8.16,7335916.0,61279648.0
2015-03-16,8.6,8.92,8.96,8.51,8959170.0,79167616.0
2015-03-17,8.97,8.94,9.15,8.8,9857593.0,88383272.0
2015-03-18,8.94,9.39,9.39,8.94,9829797.0,90727856.0
2015-03-19,9.39,9.39,9.39,9.39,0.0,0.0
2015-03-20,9.85,9.98,10.29,9.66,31294587.0,309679392.0
2015-03-23,9.98,9.98,9.98,9.98,0.0,0.0
2015-03-24,9.98,9.98,9.98,9.98,0.0,0.0
2015-03-25,9.98,9.98,9.98,9.98,0.0,0.0
2015-03-26,9.98,9.98,9.98,9.98,0.0,0.0
2015-03-27,9.98,9.98,9.98,9.98,0.0,0.0
2015-03-30,9.98,9.98,9.98,9.98,0.0,0.0
2015-03-31,9.98,9.98,9.98,9.98,0.0,0.0
2015-04-01,9.98,9.98,9.98,9.98,0.0,0.0
2015-04-02,9.98,9.98,9.98,9.98,0.0,0.0
2015-04-03,9.98,9.98,9.98,9.98,0.0,0.0
2015-04-07,9.98,9.98,9.98,9.98,0.0,0.0
2015-04-08,9.98,9.98,9.98,9.98,0.0,0.0
2015-04-09,9.98,9.98,9.98,9.98,0.0,0.0
2015-04-10,9.98,9.98,9.98,9.98,0.0,0.0
2015-04-13,9.98,9.98,9.98,9.98,0.0,0.0
2015-04-14,9.98,9.98,9.98,9.98,0.0,0.0
2015-04-15,9.98,9.98,9.98,9.98,0.0,0.0
2015-04-16,9.98,9.98,9.98,9.98,0.0,0.0
2015-04-17,9.98,9.98,9.98,9.98,0.0,0.0
2015-04-20,9.98,9.98,9.98,9.98,0.0,0.0
2015-04-21,9.98,9.98,9.98,9.98,0.0,0.0
2015-04-22,9.98,9.98,9.98,9.98,0.0,0.0
2015-04-23,9.98,9.98,9.98,9.98,0.0,0.0
2015-04-24,9.98,9.98,9.98,9.98,0.0,0.0
2015-04-27,9.98,9.98,9.98,9.98,0.0,0.0
2015-04-28,9.98,9.98,9.98,9.98,0.0,0.0
2015-04-29,9.98,9.98,9.98,9.98,0.0,0.0
2015-04-30,9.98,9.98,9.98,9.98,0.0,0.0
2015-05-04,10.97,10.97,10.97,10.97,436343.0,4787547.0
2015-05-05,12.07,12.07,12.07,11.41,40434513.0,479258048.0
2015-05-06,11.88,13.28,13.28,11.59,36887387.0,474254336.0
2015-05-07,13.64,11.96,13.76,11.96,31915385.0,396913632.0
2015-05-08,11.67,11.7,11.94,11.0,28555546.0,327255232.0
2015-05-11,11.59,12.16,12.29,11.35,22706945.0,272133760.0
2015-05-12,12.27,12.9,13.18,11.93,28513363.0,354888032.0
2015-05-13,12.61,12.29,12.8,12.17,20404330.0,255461280.0
2015-05-14,12.3,12.51,12.81,12.3,18317942.0,230615200.0
2015-05-15,12.32,11.83,12.54,11.76,16896915.0,204288880.0
2015-05-18,11.84,11.9,12.17,11.75,12987943.0,154835280.0
2015-05-19,11.91,13.09,13.09,11.91,25627233.0,324356384.0
2015-05-20,13.58,13.61,14.39,13.33,27622141.0,381812928.0
2015-05-21,13.5,13.91,14.23,13.42,18305715.0,253716032.0
2015-05-22,14.51,14.3,15.16,14.09,20922370.0,303172192.0
2015-05-25,14.39,15.35,15.57,14.39,20544883.0,311234752.0
2015-05-26,15.36,16.18,16.57,15.06,20066640.0,319216000.0
2015-05-27,16.18,16.26,16.42,15.94,18245777.0,295124480.0
2015-05-28,16.27,14.64,16.38,14.64,24777432.0,384055840.0
2015-05-29,14.1,14.24,15.05,13.34,19300096.0,275744640.0
2015-06-01,14.15,15.24,15.44,14.15,19126702.0,287490624.0
2015-06-02,15.35,16.23,16.32,15.35,21565306.0,345619104.0
2015-06-03,16.23,15.98,16.45,15.72,18603009.0,297749280.0
2015-06-04,15.98,15.7,15.98,14.39,18973114.0,289397376.0
2015-06-05,16.71,17.28,17.28,16.47,31683416.0,540225280.0
2015-06-08,18.15,19.01,19.01,17.46,32868725.0,614810496.0
2015-06-09,19.03,18.35,19.97,17.96,36870643.0,690484736.0
2015-06-10,18.15,18.17,18.83,17.75,19846629.0,363123456.0
2015-06-11,17.96,18.33,18.35,17.67,19140298.0,344422944.0
2015-06-12,18.23,18.12,18.35,17.87,14631813.0,264914496.0
2015-06-15,18.15,18.31,19.17,18.15,19837715.0,371579424.0
2015-06-16,17.82,16.87,17.87,16.67,18399475.0,316838176.0
2015-06-17,16.61,17.4,17.68,16.53,14538229.0,249178672.0
2015-06-18,17.79,17.96,19.14,17.77,23089177.0,426864352.0
2015-06-19,17.0,16.38,17.77,16.17,13074349.0,222663456.0
2015-06-23,16.11,16.37,16.79,14.76,14271346.0,225413968.0
2015-06-24,16.71,16.5,16.83,15.74,13774130.0,225532208.0
2015-06-25,16.52,15.26,16.6,14.9,14088841.0,222618128.0
2015-06-26,14.49,13.73,14.78,13.73,12862626.0,180315840.0
2015-06-29,14.09,12.38,14.09,12.36,21705488.0,277357120.0
2015-06-30,11.89,12.91,13.41,11.15,21406585.0,257821728.0
2015-07-01,12.56,12.94,14.2,12.34,20071009.0,268778112.0
2015-07-02,13.04,11.65,13.39,11.65,16179409.0,201066464.0
2015-07-03,11.11,10.48,12.15,10.48,17391464.0,189034064.0
2015-07-06,11.53,9.47,11.53,9.44,20143481.0,208760400.0
2015-07-07,8.89,8.52,9.08,8.52,6951013.0,59814392.0
2015-07-08,8.52,8.52,8.52,8.52,0.0,0.0
2015-07-09,8.52,8.52,8.52,8.52,0.0,0.0
2015-07-10,8.52,8.52,8.52,8.52,0.0,0.0
2015-07-13,8.52,8.52,8.52,8.52,0.0,0.0
2015-07-14,9.37,9.37,9.37,9.37,150553.0,1410487.0
2015-07-15,10.31,9.48,10.31,9.48,28877496.0,288437056.0
2015-07-16,9.48,9.99,10.23,8.89,20037248.0,195195744.0
2015-07-17,9.99,10.98,10.98,9.99,18054850.0,190793280.0
2015-07-20,11.23,11.77,11.93,10.82,21722708.0,249637376.0
2015-07-21,11.41,11.97,12.34,11.33,16604833.0,199000848.0
2015-07-22,11.98,11.95,12.38,11.46,15521679.0,184770096.0
2015-07-23,11.83,12.41,12.73,11.61,14670638.0,179077856.0
2015-07-24,12.4,11.83,12.7,11.69,15569369.0,191935680.0
2015-07-27,11.54,10.65,11.7,10.65,15226954.0,171220800.0
2015-07-28,9.71,9.59,10.51,9.59,22936585.0,224051072.0
2015-07-29,9.85,10.22,10.24,9.03,12598758.0,121917104.0
2015-07-30,10.0,9.74,10.52,9.68,12048433.0,122255096.0
2015-07-31,9.56,9.28,9.8,9.17,7962661.0,75817848.0
2015-08-03,9.08,8.65,9.27,8.59,8227665.0,73049264.0
2015-08-04,8.79,9.52,9.52,8.71,8332843.0,76162728.0
2015-08-05,9.56,9.68,10.01,9.48,11422711.0,111595880.0
2015-08-06,9.54,9.51,9.84,9.37,6556377.0,62703604.0
2015-08-07,9.65,9.83,9.95,9.65,9467029.0,92857256.0
2015-08-10,10.0,10.64,10.78,9.96,12963739.0,134133080.0
2015-08-11,10.64,10.6,11.04,10.51,13374848.0,144112720.0
2015-08-12,10.39,10.28,10.7,10.28,9863122.0,103533384.0
2015-08-13,10.05,10.58,10.59,10.04,10184842.0,105112408.0
2015-08-14,10.62,11.0,11.35,10.6,15503093.0,169693520.0
2015-08-17,10.87,11.04,11.08,10.75,12700319.0,138807968.0
2015-08-18,11.2,9.94,11.2,9.94,14663210.0,155476720.0
2015-08-19,9.35,10.01,10.3,8.99,10996260.0,105965696.0
2015-08-20,9.85,9.69,10.37,9.66,10098416.0,100325632.0
2015-08-21,9.56,9.36,9.94,9.34,11116705.0,107243760.0
2015-08-24,8.78,8.42,8.98,8.42,8554394.0,72836912.0
2015-08-25,7.75,7.58,8.09,7.58,8064668.0,61887224.0
2015-08-26,7.63,7.01,7.88,6.86,10866031.0,80787088.0
2015-08-27,7.41,7.45,7.51,6.95,9411054.0,68484368.0
2015-08-28,7.75,8.19,8.19,7.68,7385820.0,59005412.0
2015-08-31,8.45,8.31,8.85,8.31,16951078.0,145294352.0
2015-09-01,8.11,7.52,8.11,7.48,9589651.0,74490168.0
2015-09-02,7.03,7.32,8.0,7.0,8196223.0,61532768.0
2015-09-07,7.58,7.54,7.87,7.45,6060007.0,46450276.0
2015-09-08,7.56,8.22,8.29,7.45,6124930.0,47902420.0
2015-09-09,8.23,8.53,8.74,8.22,10156482.0,86182808.0
2015-09-10,8.39,8.2,8.53,8.12,6745579.0,56223528.0
2015-09-11,8.2,8.33,8.45,8.17,5642209.0,46857876.0
2015-09-14,8.35,7.49,8.46,7.49,8059382.0,63016584.0
2015-09-15,7.31,6.93,7.49,6.87,6077161.0,43644628.0
2015-09-16,7.09,7.63,7.63,7.05,6305700.0,46467652.0
2015-09-17,7.81,7.6,8.18,7.59,9136563.0,71736792.0
2015-09-18,7.73,7.58,7.91,7.35,7886508.0,59915976.0
2015-09-21,7.53,7.91,8.01,7.36,5856736.0,45314892.0
2015-09-22,7.9,8.1,8.55,7.73,10279265.0,83465232.0
2015-09-23,7.81,7.85,8.0,7.76,6045413.0,47480312.0
2015-09-24,7.9,8.06,8.16,7.9,5864522.0,47143320.0
2015-09-25,7.99,7.68,8.06,7.53,6130900.0,47538640.0
2015-09-28,7.68,7.8,7.85,7.44,4564685.0,35219528.0
2015-09-29,7.64,7.66,7.73,7.53,3554364.0,27185674.0
2015-09-30,7.69,7.68,7.82,7.58,3186275.0,24528786.0
2015-10-08,7.97,8.14,8.26,7.9,7222226.0,58595264.0
2015-10-09,8.14,8.31,8.48,8.02,8579325.0,71042208.0
2015-10-12,8.51,8.89,9.14,8.5,12491933.0,109834824.0
2015-10-13,8.76,8.78,8.98,8.68,8196242.0,72236768.0
2015-10-14,8.8,9.11,9.34,8.79,15119428.0,136850288.0
2015-10-15,8.93,9.27,9.32,8.92,9164145.0,83760192.0
2015-10-16,9.37,9.31,9.76,9.16,8924990.0,84123008.0
2015-10-19,9.27,9.34,9.48,9.2,7980601.0,74476648.0
2015-10-20,9.23,9.4,9.42,9.07,7994674.0,73886680.0
2015-10-21,9.39,9.32,9.47,8.75,14283058.0,130992808.0
2015-10-22,9.28,10.26,10.26,9.28,19387643.0,191533920.0
2015-10-23,10.62,11.09,11.28,10.33,30260845.0,325450432.0
2015-10-26,11.38,10.85,11.39,10.62,18661838.0,203054704.0
2015-10-27,10.64,11.49,11.59,10.53,20202136.0,225934976.0
2015-10-28,11.32,11.33,12.02,10.89,20187825.0,229582928.0
2015-10-29,11.19,11.01,11.45,10.87,14523338.0,161959344.0
2015-10-30,10.96,10.72,10.99,10.62,8963235.0,97041552.0
2015-11-02,10.43,10.51,11.07,10.3,11173974.0,119959808.0
2015-11-03,10.55,10.23,10.78,10.15,8561987.0,89435104.0
2015-11-04,10.29,10.84,10.91,10.29,11865934.0,126532848.0
2015-11-05,10.84,10.87,11.17,10.66,13840139.0,150663584.0
2015-11-06,10.89,11.06,11.2,10.74,13236582.0,145542944.0
2015-11-09,10.82,10.98,11.09,10.68,14028404.0,152768000.0
2015-11-10,10.91,11.55,11.96,10.82,20352806.0,229561712.0
2015-11-11,11.4,11.68,11.9,11.22,23306719.0,270217216.0
2015-11-12,11.68,11.84,12.15,11.59,18653212.0,222619392.0
2015-11-13,11.78,11.17,11.78,11.01,13821519.0,157266256.0
2015-11-16,10.99,11.62,11.69,10.8,11557908.0,132085104.0
2015-11-17,11.98,11.45,12.04,11.4,14619698.0,171517072.0
2015-11-18,11.4,11.45,11.78,11.35,8649362.0,100595744.0
2015-11-19,11.45,11.86,11.86,11.45,8844063.0,103824320.0
2015-11-20,11.85,12.01,12.06,11.69,11492067.0,136692064.0
2015-11-23,12.02,11.81,12.35,11.76,11871120.0,142574432.0
2015-11-24,11.71,11.61,11.94,11.37,8612191.0,99316168.0
2015-11-25,11.69,11.76,11.85,11.5,8253121.0,96400144.0
2015-11-26,11.94,11.95,12.33,11.72,14606910.0,175346720.0
2015-11-27,11.88,10.87,11.98,10.75,13503879.0,153153888.0
2015-11-30,10.77,10.67,11.01,9.78,15602798.0,161734800.0
2015-12-01,10.53,10.41,10.61,10.27,7671252.0,80116408.0
2015-12-02,10.43,10.59,10.74,10.02,5881433.0,61391276.0
2015-12-03,10.59,10.72,10.77,10.44,5978727.0,63719024.0
2015-12-04,10.77,10.74,11.09,10.65,5942125.0,64324328.0
2015-12-07,10.85,11.43,11.73,10.8,13129145.0,148362768.0
2015-12-08,11.3,11.53,11.84,11.12,14795821.0,171708736.0
2015-12-09,11.61,11.84,12.17,11.41,14860935.0,176622896.0
2015-12-10,12.03,11.59,12.22,11.48,11594854.0,136984336.0
2015-12-11,11.41,11.49,11.88,11.16,9765214.0,112063016.0
2015-12-14,11.35,12.37,12.55,11.31,19206920.0,230633248.0
2015-12-15,12.27,12.31,12.54,11.99,18079529.0,220669728.0
2015-12-16,12.27,12.13,12.74,12.11,17285631.0,214152896.0
2015-12-17,12.18,12.22,12.48,12.05,14437483.0,176102992.0
2015-12-18,12.22,11.86,12.41,11.78,13052095.0,157109392.0
2015-12-21,11.78,11.93,12.09,11.65,7828666.0,93219288.0
2015-12-22,12.02,12.27,12.38,11.94,12586195.0,153942096.0
2015-12-23,12.33,12.56,12.68,12.12,17333030.0,215197520.0
2015-12-24,12.56,12.83,13.14,12.42,20419196.0,262204096.0
2015-12-25,12.7,12.68,12.8,12.45,11307379.0,142414592.0
2015-12-28,12.73,12.35,13.02,11.98,15677806.0,198679952.0
2015-12-29,12.28,12.57,12.65,11.98,9106099.0,111879704.0
2015-12-30,12.6,12.43,12.72,12.25,9894625.0,122897856.0
2015-12-31,12.49,12.66,13.0,12.39,12833103.0,163265504.0
2016-01-04,12.66,11.4,12.73,11.4,10022008.0,119605536.0
2016-01-05,10.62,10.87,11.67,10.3,13251586.0,146160192.0
2016-01-06,10.93,11.2,11.35,10.89,10278216.0,114321072.0
2016-01-07,10.91,10.08,10.94,10.08,2065020.0,21738534.0
2016-01-08,10.43,10.26,10.62,9.41,11701453.0,120544848.0
2016-01-11,10.18,9.34,10.61,9.32,14782574.0,146950272.0
2016-01-12,9.37,9.09,9.6,8.69,10571907.0,96440400.0
2016-01-13,9.22,8.67,9.3,8.61,6186647.0,55782976.0
2016-01-14,8.38,8.89,9.01,7.98,10069477.0,85269816.0
2016-01-15,8.79,8.19,8.82,8.12,7793299.0,66239028.0
2016-01-18,8.0,8.31,8.53,7.73,7064632.0,58141316.0
2016-01-19,8.25,8.75,8.85,8.22,9240533.0,79438984.0
2016-01-20,8.69,8.8,8.93,8.61,9238579.0,81606120.0
2016-01-21,8.61,8.34,8.84,8.31,6330315.0,54564628.0
2016-01-22,8.41,8.68,8.74,8.32,5311621.0,45449460.0
2016-01-25,8.72,9.25,9.46,8.72,11673143.0,106338920.0
2016-01-26,9.07,8.55,9.36,8.51,8435748.0,75897760.0
2016-01-27,8.55,8.74,8.87,8.09,8279464.0,70577976.0
2016-01-28,8.61,7.94,8.74,7.87,6735961.0,56546144.0
2016-01-29,7.98,8.43,8.48,7.97,6029989.0,49664164.92
2016-02-01,8.44,8.5,8.67,8.11,6843504.0,57678955.28
2016-02-02,8.65,8.86,8.87,8.51,5966188.0,52306479.97
2016-02-03,8.72,8.93,8.97,8.68,4872102.0,42896537.21
2016-02-04,9.06,9.05,9.33,8.99,8044855.0,73961186.88
2016-02-05,9.08,9.01,9.22,9.01,4534324.0,41350706.9
2016-02-15,8.7,9.37,9.41,8.6,7400964.0,66938886.73
2016-02-16,9.38,9.53,9.63,9.27,7770791.0,73826308.47
2016-02-17,9.56,9.45,9.61,9.14,8007044.0,75395573.1
2016-02-18,9.55,9.33,9.58,9.28,8381287.0,79034031.11
2016-02-19,9.23,9.29,9.36,9.15,4637947.0,42905611.15
2016-02-22,9.37,9.53,9.62,9.33,7344121.0,69843963.03
2016-02-23,9.55,9.33,9.55,9.19,6678752.0,62635604.74
2016-02-24,9.3,9.43,9.53,9.18,6046907.0,56635337.18
2016-02-25,9.4,8.48,9.43,8.48,7206004.0,63926992.59
2016-02-26,8.87,8.51,8.87,8.35,5513703.0,47271698.74
2016-02-29,8.4,7.76,8.45,7.66,10715467.0,84645556.84
2016-03-01,7.8,8.06,8.08,7.72,6983889.0,55303996.83
2016-03-02,8.06,8.6,8.67,7.96,8918149.0,74733495.91
2016-03-03,8.65,9.46,9.46,8.6,7466451.0,69685660.0
2016-03-04,9.5,9.06,9.65,8.58,18836818.0,175010501.9
2016-03-07,9.25,9.21,9.46,9.0,12160489.0,111596883.94
2016-03-08,9.18,9.29,9.44,8.72,10853914.0,98410839.65
2016-03-09,8.81,8.76,8.91,8.66,9454323.0,83082461.85
2016-03-10,8.8,8.55,8.87,8.48,3971147.0,34611175.66
2016-03-11,8.43,8.39,8.58,8.3,4164098.0,35086527.79
2016-03-14,8.49,8.67,8.86,8.45,6668492.0,58228672.25
2016-03-15,8.63,8.63,8.77,8.6,4036639.0,34999788.06
2016-03-16,8.71,8.67,8.96,8.51,4418147.0,38358672.46
2016-03-17,8.71,8.87,8.94,8.64,8000193.0,70576685.97
2016-03-18,9.64,9.27,9.64,9.09,12219340.0,113545542.46
2016-03-21,9.41,9.78,9.81,9.3,14790720.0,141307155.51
2016-03-22,9.64,9.66,9.95,9.5,10731053.0,103788984.16
2016-03-23,9.57,9.57,9.68,9.38,6948795.0,66261282.27
2016-03-24,9.56,9.26,9.56,9.19,7347154.0,68613226.13
2016-03-25,9.22,9.38,9.4,9.19,3447598.0,32077915.83
2016-03-28,9.39,9.16,9.54,9.09,5142927.0,48052700.38
2016-03-29,9.21,9.06,9.26,8.92,5883335.0,53440177.7
2016-03-30,9.18,9.37,9.37,9.09,5724007.0,52906749.82
2016-03-31,9.38,9.33,9.47,9.26,5920745.0,55329017.17
2016-04-01,9.27,9.22,9.32,8.98,6812668.0,62409253.1
2016-04-05,9.23,9.55,9.66,9.13,10585022.0,100215228.14
2016-04-06,9.45,9.54,9.6,9.43,5914005.0,56356424.77
2016-04-07,9.59,9.44,9.61,9.22,8088871.0,76327550.29
2016-04-08,9.38,9.19,9.38,9.14,7004209.0,64775193.31
2016-04-11,9.25,9.91,10.11,9.25,16924681.0,164359426.59
2016-04-12,9.81,9.64,9.81,9.53,5927068.0,57157364.25
2016-04-13,9.77,9.99,10.45,9.77,15171779.0,153712939.53
2016-04-14,9.97,10.04,10.04,9.85,6602338.0,65657164.03
2016-04-15,10.04,9.93,10.07,9.85,4234262.0,42099872.38
2016-04-18,9.93,9.61,9.96,9.53,6334449.0,61206553.34
2016-04-19,9.77,9.79,10.1,9.71,6517736.0,64449736.09
2016-04-20,9.86,9.31,9.97,9.08,9375297.0,88665786.44
2016-04-21,9.38,9.34,9.79,9.2,8203184.0,77768089.11
2016-04-22,9.16,9.28,9.31,8.98,4836288.0,44427678.39
2016-04-25,9.21,9.39,9.47,9.04,5202613.0,48144353.84
2016-04-26,9.38,9.42,9.49,9.22,3349457.0,31330416.14
2016-04-27,9.31,9.22,9.5,9.17,3561196.0,33322592.62
2016-04-28,9.25,9.31,9.36,9.08,3424778.0,31723323.49
2016-04-29,9.22,9.19,9.39,9.19,3195633.0,29607224.58
2016-05-03,9.19,9.33,9.36,9.16,7328032.0,68139453.4
2016-05-04,9.27,9.18,9.29,9.14,6341560.0,58428055.74
2016-05-05,9.19,9.17,9.24,8.98,6605942.0,60116197.1
2016-05-06,9.08,8.73,9.18,8.69,6431445.0,57142478.62
2016-05-09,8.6,8.33,8.6,8.21,6632183.0,55314345.12
2016-05-10,8.31,8.12,8.37,8.04,6638449.0,53940453.89
2016-05-11,8.19,8.04,8.26,7.88,6512368.0,52011287.27
2016-05-12,7.89,8.16,8.25,7.78,4410931.0,35043104.6
2016-05-13,8.07,7.98,8.17,7.87,4888312.0,39029450.62
2016-05-16,7.92,8.11,8.2,7.79,6124266.0,49218755.06
2016-05-17,8.11,7.99,8.15,7.87,5620429.0,44992393.22
2016-05-18,7.92,7.72,7.92,7.61,5520424.0,42790271.9
2016-05-19,7.72,7.68,7.87,7.65,5864340.0,45431176.13
2016-05-20,7.59,7.74,7.77,7.53,4180590.0,32223244.22
2016-05-23,7.78,7.82,7.89,7.75,3882959.0,30323080.56
2016-05-24,7.81,7.82,7.82,7.64,4779765.0,36912932.61
2016-05-25,7.84,7.8,7.93,7.75,4285701.0,33624946.25
2016-05-26,7.81,7.78,7.86,7.58,4877607.0,37587574.38
2016-05-27,7.8,7.75,7.83,7.68,5073406.0,39323389.75
2016-05-30,7.69,7.78,7.8,7.6,5268485.0,40502613.08
2016-05-31,7.75,8.01,8.04,7.7,8696005.0,68848179.0
2016-06-01,7.99,8.2,8.2,7.91,9708900.0,78616010.9
2016-06-02,8.2,8.18,8.29,8.08,5908754.0,48266656.18
2016-06-03,8.11,8.18,8.21,8.07,5733346.0,46700587.94
2016-06-06,8.21,8.18,8.26,8.0,5413747.0,43951699.1
2016-06-07,8.12,8.07,8.15,8.0,5558000.0,44809232.37
2016-06-08,8.07,8.02,8.07,7.88,5160847.0,41083830.26
2016-06-13,7.88,7.9,8.0,7.74,6247280.0,49038601.15
2016-06-14,7.74,7.78,7.81,7.68,3328649.0,25764644.89
2016-06-15,7.68,7.97,7.99,7.65,6957431.0,54922500.31
2016-06-16,7.98,7.9,8.0,7.72,7260305.0,56930469.89
2016-06-17,7.88,7.92,8.02,7.83,7416177.0,58884008.72
2016-06-20,7.88,8.25,8.38,7.84,11335730.0,91669025.7
2016-06-21,8.13,8.02,8.27,7.94,9293623.0,75422148.6
2016-06-22,7.93,8.17,8.25,7.92,6972648.0,56584266.94
2016-06-23,8.15,8.07,8.2,7.92,4802736.0,38755137.18
2016-06-24,8.05,8.39,8.58,8.04,15902643.0,131994268.45
2016-06-27,8.29,8.43,8.62,8.2,12536109.0,105630797.65
2016-06-28,8.33,8.6,8.63,8.3,14140088.0,119371319.06
2016-06-29,8.55,8.48,8.62,8.44,7800296.0,66411184.7
2016-06-30,8.53,8.48,8.53,8.35,5223972.0,43949850.05
2016-07-01,8.47,8.48,8.59,8.43,6258610.0,53265356.84
2016-07-04,8.42,8.8,9.15,8.38,14800527.0,130788290.0
2016-07-05,8.84,8.78,8.92,8.62,7999105.0,69880395.69
2016-07-06,8.78,9.11,9.23,8.78,15483599.0,139931311.65
2016-07-07,9.1,9.38,9.64,9.0,17352051.0,162688164.5
2016-07-08,9.29,9.27,9.31,9.1,9740398.0,89415804.81
2016-07-11,9.17,9.34,9.74,9.17,12649296.0,119905605.61
2016-07-12,9.39,9.35,9.44,9.15,8146462.0,75630554.85
2016-07-13,9.35,9.44,9.54,9.33,9548373.0,89917907.04
2016-07-14,9.39,9.34,9.43,9.19,6387783.0,59198411.72
2016-07-15,9.32,9.17,9.32,9.11,5339229.0,48988482.81
2016-07-18,9.17,9.09,9.17,8.89,6268822.0,56557001.0
2016-07-19,9.05,9.16,9.17,9.02,2861603.0,26052413.88
2016-07-20,9.15,9.02,9.19,9.01,3976153.0,36032744.63
2016-07-21,9.03,8.97,9.08,8.95,5176768.0,46612637.87
2016-07-22,8.97,8.73,8.98,8.69,5805949.0,51344995.83
2016-07-25,8.76,8.86,8.89,8.58,6627864.0,57736311.37
2016-07-26,8.81,8.95,8.97,8.81,6527029.0,58099857.4
2016-07-27,8.9,8.26,8.94,8.08,8298572.0,70112976.38
2016-07-28,8.25,8.36,8.41,8.23,5670828.0,47252206.56
2016-07-29,8.39,8.42,8.5,8.31,3597231.0,30192374.19
2016-08-01,8.4,8.32,8.51,8.24,4197297.0,35260963.0
2016-08-02,8.28,8.42,8.43,8.28,3114848.0,26074359.47
2016-08-03,8.4,8.55,8.61,8.33,3706878.0,31544887.83
2016-08-04,8.52,8.62,8.72,8.52,3976763.0,34403975.6
2016-08-05,8.59,8.52,8.7,8.4,2812262.0,23990892.96
2016-08-08,8.46,8.66,8.74,8.42,2769850.0,23869530.17
2016-08-09,8.66,8.97,9.12,8.64,4687778.0,41892770.78
2016-08-10,8.91,8.85,9.06,8.84,4077484.0,36424901.38
2016-08-11,8.91,8.89,9.05,8.85,5267280.0,47032740.1
2016-08-12,8.88,9.05,9.08,8.85,5862620.0,52646323.28
2016-08-15,9.01,9.15,9.19,8.82,7033453.0,63462613.6
2016-08-16,9.12,9.33,9.45,8.99,10593174.0,97701250.15
2016-08-17,9.29,9.33,9.39,9.23,4901583.0,45678666.64
2016-08-18,9.33,9.31,9.37,9.13,5080462.0,46817678.25
2016-08-19,9.31,9.76,9.95,9.16,14401659.0,137907784.2
2016-08-22,9.81,9.65,9.89,9.53,7690984.0,74375950.73
2016-08-23,9.54,9.74,9.86,9.48,12785622.0,123669387.92
2016-08-24,9.67,9.69,9.79,9.61,5302036.0,51427193.8
2016-08-25,9.63,9.56,9.7,9.45,5986361.0,57469066.53
2016-08-26,9.62,9.56,9.75,9.54,4183039.0,40253784.43
2016-08-29,9.59,9.58,9.72,9.44,4033948.0,38588555.46
2016-08-30,9.58,9.68,9.97,9.51,6235895.0,60797878.88
2016-08-31,9.75,9.9,9.9,9.58,8224732.0,80254721.64
2016-09-01,9.91,9.89,10.29,9.81,11738708.0,118420917.69
2016-09-02,9.97,10.1,10.14,9.88,7635058.0,76376602.82
2016-09-05,10.03,9.79,10.21,9.77,13204331.0,130836474.93
2016-09-06,9.77,9.88,9.94,9.6,7718083.0,75391977.02
2016-09-07,9.87,9.93,9.95,9.73,5601798.0,55078172.23
2016-09-08,9.97,10.0,10.06,9.81,7781177.0,77173759.8
2016-09-09,10.0,10.0,10.0,10.0,0.0,0.0
2016-09-12,10.0,10.0,10.0,10.0,0.0,0.0
2016-09-13,10.0,10.0,10.0,10.0,0.0,0.0
2016-09-14,10.0,10.0,10.0,10.0,0.0,0.0
2016-09-19,10.0,10.0,10.0,10.0,0.0,0.0
2016-09-20,10.0,10.0,10.0,10.0,0.0,0.0
2016-09-21,10.0,10.0,10.0,10.0,0.0,0.0
2016-09-22,10.0,10.0,10.0,10.0,0.0,0.0
2016-09-23,10.0,10.0,10.0,10.0,0.0,0.0
2016-09-26,10.0,10.0,10.0,10.0,0.0,0.0
2016-09-27,10.0,10.0,10.0,10.0,0.0,0.0
2016-09-28,10.0,10.0,10.0,10.0,0.0,0.0
2016-09-29,10.0,10.0,10.0,10.0,0.0,0.0
2016-09-30,10.0,10.0,10.0,10.0,0.0,0.0
2016-10-10,10.0,10.0,10.0,10.0,0.0,0.0
2016-10-11,10.0,10.0,10.0,10.0,0.0,0.0
2016-10-12,10.0,10.0,10.0,10.0,0.0,0.0
2016-10-13,10.0,10.0,10.0,10.0,0.0,0.0
2016-10-14,10.0,10.0,10.0,10.0,0.0,0.0
2016-10-17,10.0,10.0,10.0,10.0,0.0,0.0
2016-10-18,10.0,10.0,10.0,10.0,0.0,0.0
2016-10-19,10.0,10.0,10.0,10.0,0.0,0.0
2016-10-20,10.0,10.0,10.0,10.0,0.0,0.0
2016-10-21,10.0,10.0,10.0,10.0,0.0,0.0
2016-10-24,10.0,10.0,10.0,10.0,0.0,0.0
2016-10-25,10.0,10.0,10.0,10.0,0.0,0.0
2016-10-26,10.0,10.0,10.0,10.0,0.0,0.0
2016-10-27,10.0,10.0,10.0,10.0,0.0,0.0
2016-10-28,10.0,10.0,10.0,10.0,0.0,0.0
2016-10-31,10.0,10.0,10.0,10.0,0.0,0.0
2016-11-01,10.0,10.0,10.0,10.0,0.0,0.0
2016-11-02,10.0,10.0,10.0,10.0,0.0,0.0
2016-11-03,10.0,10.0,10.0,10.0,0.0,0.0
2016-11-04,10.0,10.0,10.0,10.0,0.0,0.0
2016-11-07,10.0,10.0,10.0,10.0,0.0,0.0
2016-11-08,10.0,10.0,10.0,10.0,0.0,0.0
2016-11-09,10.0,10.0,10.0,10.0,0.0,0.0
2016-11-10,9.92,9.68,9.92,9.49,44903204.0,435511013.03
2016-11-11,9.58,10.31,10.65,9.44,45057542.0,453561092.1
2016-11-14,9.99,9.77,10.05,9.59,29045070.0,285388702.16
2016-11-15,9.87,9.74,9.89,9.58,18068992.0,175412795.65
2016-11-16,9.73,9.58,9.81,9.48,15115599.0,144984058.17
2016-11-17,9.56,9.66,9.66,9.52,7205054.0,69070473.86
2016-11-18,9.61,9.48,9.66,9.35,10528006.0,99741404.77
2016-11-21,9.44,9.52,9.54,9.43,10451825.0,99411124.71
2016-11-22,9.52,9.55,9.61,9.44,8178057.0,77719893.72
2016-11-23,9.54,9.51,9.57,9.45,5605506.0,53210202.45
2016-11-24,9.51,9.43,9.57,9.3,11088885.0,104970835.96
2016-11-25,9.4,9.46,9.48,9.15,8860298.0,82561637.65
2016-11-28,9.47,9.54,9.61,9.42,11800679.0,112295956.91
2016-11-29,9.44,9.4,9.55,9.39,7777855.0,73667109.51
2016-11-30,9.32,9.21,9.37,9.05,8360996.0,76594220.58
2016-12-01,9.15,9.44,9.44,9.15,8497827.0,78837087.82
2016-12-02,9.41,9.31,9.51,9.31,5236620.0,49290758.38
2016-12-05,9.24,9.32,9.43,9.18,4096660.0,38235206.04
2016-12-06,9.32,9.56,9.63,9.32,12052903.0,114600249.88
2016-12-07,9.54,9.63,9.67,9.5,5720700.0,54957305.95
2016-12-08,9.63,9.69,9.74,9.5,7014282.0,67641664.84
2016-12-09,9.69,9.59,9.71,9.54,4755656.0,45670123.29
2016-12-12,9.59,8.74,9.6,8.63,9132878.0,83383274.5
2016-12-13,8.72,8.7,8.8,8.44,3518067.0,30288867.54
2016-12-14,8.6,8.75,8.81,8.6,2352353.0,20529036.58
2016-12-15,8.78,8.71,8.86,8.66,2546071.0,22310663.45
2016-12-16,8.72,8.73,8.79,8.65,1809973.0,15782845.97
2016-12-19,8.74,8.76,8.8,8.62,2014897.0,17589620.12
2016-12-20,8.74,8.67,8.77,8.57,2499952.0,21622200.14
2016-12-21,8.7,8.71,8.74,8.61,2111101.0,18329285.45
2016-12-22,8.67,9.58,9.58,8.61,12857701.0,119370810.57
2016-12-23,9.48,9.27,9.48,9.1,9055580.0,84016940.2
2016-12-26,9.1,9.23,9.42,8.88,8986160.0,82143128.34
2016-12-27,9.19,9.35,9.43,9.19,9135724.0,85051338.93
2016-12-28,9.32,9.22,9.43,9.16,3847820.0,35727010.65
2016-12-29,9.16,9.12,9.25,9.09,2639304.0,24160897.6
2016-12-30,9.12,9.23,9.34,9.06,3242835.0,29792297.21
2017-01-03,9.19,9.29,9.37,9.17,3670544.0,34101076.85
2017-01-04,9.28,9.3,9.32,9.15,2930554.0,27129271.88
2017-01-05,9.34,9.31,9.37,9.24,3435111.0,31967586.39
2017-01-06,9.26,8.86,9.28,8.82,10056308.0,90115410.42
2017-01-09,8.85,8.87,8.89,8.79,3564005.0,31495897.82
2017-01-10,8.91,8.88,8.94,8.85,2484298.0,22119762.91
2017-01-11,8.85,8.86,8.95,8.82,2061397.0,18364726.9
2017-01-12,8.9,8.98,9.13,8.85,5122776.0,46091874.86
2017-01-13,8.98,8.57,9.03,8.42,3653805.0,32082625.87
2017-01-16,8.57,8.37,8.64,7.75,4665612.0,38571013.53
2017-01-17,8.37,8.44,8.46,8.08,2273476.0,18883642.86
2017-01-18,8.45,8.38,8.46,8.33,958360.0,8042048.59
2017-01-19,8.37,8.41,8.48,8.25,1647119.0,13769001.49
2017-01-20,8.43,8.54,8.7,8.36,1709937.0,14641045.11
2017-01-23,8.55,8.6,8.85,8.55,3748297.0,32618611.4
2017-01-24,8.66,8.59,8.67,8.52,2156303.0,18512548.81
2017-01-25,8.66,8.66,8.81,8.6,2009491.0,17535853.91
2017-01-26,8.65,8.85,8.91,8.62,2615267.0,23010544.77
2017-02-03,8.9,8.74,8.9,8.69,2364427.0,20716957.82
2017-02-06,8.75,8.88,8.96,8.71,3487966.0,30935831.99
2017-02-07,8.89,8.85,8.95,8.77,2816716.0,24963549.05
2017-02-08,8.86,8.91,8.95,8.79,1658222.0,14759753.92
2017-02-09,8.95,8.92,9.05,8.85,2224553.0,19903399.36
2017-02-10,8.92,8.96,8.97,8.84,3222783.0,28661894.65
2017-02-13,8.97,9.09,9.31,8.96,4323620.0,39483859.75
2017-02-14,9.09,9.39,9.44,8.98,6014433.0,55395695.46
2017-02-15,9.25,9.02,9.3,9.0,5927478.0,54307483.8
2017-02-16,9.05,9.22,9.46,8.98,6898224.0,64054287.86
2017-02-17,9.19,9.01,9.36,8.89,5921182.0,53480361.43
2017-02-20,8.95,9.1,9.13,8.91,3909669.0,35402893.34
2017-02-21,9.1,9.15,9.26,9.03,5185103.0,47501861.5
2017-02-22,9.14,9.1,9.24,8.98,6787952.0,61622716.7
2017-02-23,9.1,9.24,9.44,8.99,10660504.0,97966898.07
2017-02-24,9.18,9.17,9.27,9.0,10851616.0,98652322.35
2017-02-27,9.15,9.06,9.22,9.05,5855143.0,53639113.08
2017-02-28,9.02,9.03,9.12,8.97,3274872.0,29520404.75
2017-03-01,9.06,9.29,9.63,8.99,16686216.0,155528820.68
2017-03-02,9.29,9.14,9.4,9.08,8488073.0,78302628.72
2017-03-03,9.05,9.06,9.15,8.9,5090718.0,45985024.3
2017-03-06,9.11,9.15,9.22,9.06,3223105.0,29418279.06
2017-03-07,9.29,9.22,9.29,9.14,4990487.0,45884286.15
2017-03-08,9.24,9.0,9.24,8.98,5699578.0,51713425.41
2017-03-09,9.02,8.82,9.03,8.75,6178954.0,54683185.3
2017-03-10,8.82,8.86,8.9,8.77,2721307.0,24074275.2
2017-03-13,8.86,8.91,8.92,8.71,3192662.0,28222510.62
2017-03-14,8.9,8.84,8.91,8.77,3347328.0,29562531.26
2017-03-15,8.84,8.83,8.88,8.8,2566330.0,22679334.94
2017-03-16,8.88,8.92,8.95,8.85,3050545.0,27225427.51
2017-03-17,8.94,8.9,9.06,8.9,4931903.0,44387375.59
2017-03-20,8.9,8.99,9.02,8.83,2894902.0,25894865.01
2017-03-21,9.0,8.94,9.05,8.79,6838769.0,60908258.4
2017-03-22,8.93,8.71,8.93,8.71,4260558.0,37476326.62
2017-03-23,8.73,8.73,8.81,8.62,3224663.0,28142539.35
2017-03-24,8.74,8.63,8.76,8.61,4172958.0,36063479.07
2017-03-27,8.62,8.62,8.64,8.53,4446055.0,38131469.48
2017-03-28,8.62,8.52,8.66,8.51,3340901.0,28702384.85
2017-03-29,8.55,8.54,8.59,8.46,3617233.0,30869370.23
2017-03-30,8.52,8.32,8.52,8.2,7291709.0,60544812.48
2017-03-31,8.32,8.68,9.1,8.25,9020436.0,78214749.42
2017-04-05,8.67,8.61,8.68,8.46,9104641.0,78187541.74
2017-04-06,8.58,8.53,8.63,8.5,6749294.0,57692049.49
2017-04-07,8.54,8.43,8.54,8.4,5686233.0,48105073.98
2017-04-10,8.42,8.38,8.49,8.33,4879038.0,40919321.4
2017-04-11,8.32,8.45,8.47,8.31,3916785.0,32830077.05
2017-04-12,8.43,8.33,8.43,8.32,3919851.0,32752792.57
2017-04-13,8.35,8.38,8.44,8.28,3217391.0,26970790.27
2017-04-14,8.42,8.39,8.44,8.33,3414708.0,28615529.48
2017-04-17,8.53,8.25,8.65,8.2,8785108.0,73942509.51
2017-04-18,8.2,8.03,8.28,8.02,5443528.0,44219725.11
2017-04-19,8.0,7.83,8.0,7.78,5005701.0,39287679.84
2017-04-20,7.83,7.72,7.9,7.59,5781810.0,44576724.53
2017-04-21,7.72,7.68,7.77,7.63,3239328.0,24888341.97
2017-04-24,7.68,7.37,7.68,7.37,3203937.0,23955162.87
2017-04-25,7.41,7.41,7.55,7.38,2932915.0,21856367.76
2017-04-26,7.43,7.41,7.51,7.37,3076190.0,22867035.5
2017-04-27,7.26,7.27,7.34,7.07,7516886.0,54122538.26
2017-04-28,7.26,7.3,7.33,7.22,2459561.0,17940062.27
2017-05-02,7.26,7.44,7.46,7.25,4824468.0,35763425.01
2017-05-03,7.44,7.38,7.49,7.31,2833908.0,20961306.0
2017-05-04,7.35,7.36,7.5,7.27,3070509.0,22677414.46
2017-05-05,7.35,7.38,7.45,7.3,2542234.0,18818025.75
2017-05-08,7.35,7.2,7.42,7.17,2673581.0,19599289.13
2017-05-09,7.2,7.3,7.35,7.17,2032294.0,14771374.86
2017-05-10,7.34,6.96,7.36,6.89,3939695.0,28132371.7
2017-05-11,6.95,6.82,6.95,6.53,4590356.0,30982989.93
2017-05-12,6.81,6.71,6.82,6.64,3807919.0,25616729.37
2017-05-15,6.71,6.72,6.9,6.63,2529966.0,17040409.32
2017-05-16,6.68,6.88,6.9,6.61,4821791.0,32573577.78
2017-05-17,6.88,7.02,7.06,6.86,4205267.0,29428088.99
2017-05-18,6.99,6.95,7.05,6.9,3644680.0,25377462.7
2017-05-19,6.92,6.88,7.0,6.82,2098727.0,14492119.07
2017-05-22,6.87,6.69,6.89,6.58,4284011.0,28807317.16
2017-05-23,6.66,6.45,6.7,6.34,3853607.0,25126901.55
2017-05-24,6.41,6.45,6.47,6.29,3551853.0,22678823.89
2017-05-25,6.4,6.57,6.67,6.31,3427281.0,22194342.19
2017-05-26,6.54,6.49,6.61,6.48,2666938.0,17456326.07
2017-05-31,6.56,6.61,6.64,6.55,3654101.0,24083147.75
2017-06-01,6.61,6.36,6.61,6.29,3308001.0,21292079.44
2017-06-02,6.36,6.38,6.43,6.18,4329686.0,27266970.13
2017-06-05,6.37,6.47,6.51,6.37,2888338.0,18640399.69
2017-06-06,6.48,6.53,6.54,6.42,2280470.0,14809542.14
2017-06-07,6.53,6.67,6.71,6.49,2998573.0,19891417.15
2017-06-08,6.71,6.67,6.73,6.62,2147974.0,14303908.94
2017-06-09,6.64,6.64,6.66,6.55,2824562.0,18674904.69
2017-06-12,6.59,6.5,6.62,6.48,1673283.0,10941348.34
2017-06-13,6.5,6.67,6.75,6.48,2958545.0,19676166.39
2017-06-14,6.69,6.71,6.73,6.63,2193504.0,14677636.24
2017-06-15,6.7,6.84,6.91,6.67,3507977.0,23915008.47
2017-06-16,6.86,6.82,6.97,6.79,1983533.0,13596111.22
2017-06-19,6.84,6.85,6.91,6.78,2664451.0,18231612.36
2017-06-20,6.89,6.9,7.02,6.87,3561668.0,24715540.13
2017-06-21,6.9,6.85,6.99,6.79,2785856.0,19137478.13
2017-06-22,6.82,6.77,6.92,6.75,3161325.0,21646820.28
2017-06-23,6.75,6.8,6.83,6.67,2387388.0,16092561.93
2017-06-26,6.79,6.91,6.91,6.74,2255021.0,15432000.57
2017-06-27,6.89,6.91,6.95,6.82,2708156.0,18639779.85
2017-06-28,6.92,6.91,6.97,6.84,2369466.0,16379114.61
2017-06-29,6.95,6.96,7.01,6.88,1770684.0,12330503.75
2017-06-30,6.97,6.89,6.97,6.86,2106082.0,14514986.72
2017-07-03,6.87,6.95,6.95,6.84,2977416.0,20548817.32
2017-07-04,6.93,6.9,6.99,6.88,2888787.0,20045891.0
2017-07-05,6.91,7.05,7.08,6.9,5057970.0,35539282.47
2017-07-06,7.05,7.16,7.31,7.05,5623100.0,40327008.83
2017-07-07,7.19,7.38,7.41,7.11,5402904.0,39231173.74
2017-07-10,7.38,7.54,7.77,7.23,12212234.0,91630291.27
2017-07-11,7.74,8.29,8.29,7.74,13376531.0,108756641.38
2017-07-12,8.33,8.47,8.7,8.0,42785227.0,358418214.44
2017-07-13,8.23,8.33,8.41,8.1,24241478.0,199822621.17
2017-07-14,8.23,8.38,8.49,8.04,23310427.0,193867695.49
2017-07-17,8.23,7.81,8.26,7.57,22192399.0,175933087.06
2017-07-18,7.83,7.97,7.98,7.59,21131663.0,165111989.29
2017-07-19,7.87,8.37,8.46,7.85,31599286.0,258500140.17
2017-07-20,8.27,8.22,8.27,8.06,21789434.0,177800260.58
2017-07-21,8.16,7.92,8.16,7.86,15580252.0,124394750.23
2017-07-24,7.86,7.9,8.02,7.75,13694383.0,107697778.79
2017-07-25,7.9,8.07,8.11,7.86,15913305.0,127091224.89
2017-07-26,8.47,7.92,8.48,7.92,20934949.0,171293720.41
2017-07-27,7.85,7.69,7.85,7.46,18658903.0,142902974.51
2017-07-28,7.63,7.79,7.91,7.55,13000417.0,100689629.52
2017-07-31,7.7,8.16,8.25,7.7,25987626.0,208114608.16
2017-08-01,8.11,7.83,8.18,7.75,21928673.0,173863651.7
2017-08-02,7.74,7.92,8.32,7.74,38956009.0,314050152.93
2017-08-03,7.83,8.21,8.21,7.82,32461465.0,261361274.33
2017-08-04,8.13,8.18,8.5,8.11,39829807.0,331122771.81
2017-08-07,8.18,9.0,9.0,8.01,37266626.0,320659039.16
2017-08-08,9.38,9.41,9.77,9.17,108616432.0,1030359235.85
2017-08-09,9.65,9.38,9.75,9.06,66841716.0,629154285.63
2017-08-10,9.15,9.4,9.49,9.01,53119156.0,489675431.0
2017-08-11,9.03,8.46,9.13,8.46,44949807.0,392734088.72
2017-08-14,8.44,8.51,8.57,8.19,31922927.0,268441337.35
2017-08-15,8.4,8.32,8.5,8.24,24935227.0,208229285.42
2017-08-16,8.39,8.22,8.45,8.05,28944524.0,239585010.74
2017-08-17,8.4,8.26,8.46,8.17,26417921.0,219429330.21
2017-08-18,8.05,7.92,8.05,7.84,29176083.0,231114298.7
2017-08-21,7.95,8.07,8.13,7.88,21982501.0,176840977.76
2017-08-22,8.07,7.93,8.09,7.91,19462475.0,155465312.38
2017-08-23,7.9,7.73,7.92,7.71,17175253.0,134015899.47
2017-08-24,7.84,7.74,7.95,7.67,13308779.0,104039860.01
2017-08-25,7.72,7.96,8.05,7.71,22521300.0,178262167.0
2017-08-28,7.88,8.05,8.08,7.83,23278096.0,184951671.51
2017-08-29,7.96,7.94,8.15,7.89,22579456.0,181312083.92
2017-08-30,7.89,8.13,8.28,7.86,31548092.0,254087649.16
2017-08-31,8.06,8.06,8.11,7.96,20159663.0,162023858.98
2017-09-01,8.06,8.21,8.43,8.04,32199058.0,264673401.89
2017-09-04,8.21,8.39,8.57,8.13,31763157.0,265417092.73
2017-09-05,8.32,8.16,8.42,8.09,18040380.0,147923064.23
2017-09-06,8.09,8.17,8.3,7.99,17927863.0,146242585.12
2017-09-07,8.03,7.92,8.1,7.9,23315809.0,185776450.99
2017-09-08,7.89,7.93,8.01,7.86,12487909.0,99181184.49
2017-09-11,7.92,8.2,8.24,7.88,20329828.0,164291401.59
2017-09-12,8.62,9.02,9.02,8.62,27505469.0,246767879.43
2017-09-13,9.21,9.04,9.36,8.78,85227085.0,772032452.18
2017-09-14,8.87,8.88,8.99,8.74,42457905.0,376048393.5
2017-09-15,8.75,8.34,8.79,8.24,37285360.0,316187948.32
2017-09-18,8.21,8.41,8.49,8.17,23358727.0,195195428.17
2017-09-19,8.38,8.4,8.5,8.3,18399102.0,154695891.37
2017-09-20,8.39,8.82,8.94,8.29,45980327.0,398241774.16
2017-09-21,8.73,8.44,8.76,8.43,30687252.0,263437121.31
2017-09-22,8.32,8.26,8.4,8.2,18769214.0,155475535.97
2017-09-25,8.23,7.88,8.25,7.85,17910848.0,143627646.14
2017-09-26,7.9,8.01,8.07,7.9,9476200.0,75736339.06
2017-09-27,8.01,7.96,8.08,7.92,10223034.0,81930979.0
2017-09-28,7.98,7.83,7.98,7.82,11224566.0,88339117.4
2017-09-29,7.84,7.88,7.92,7.8,7572979.0,59545850.04
2017-10-09,7.92,7.99,8.12,7.92,10483436.0,83830476.15
2017-10-10,8.0,8.01,8.02,7.89,8662760.0,68926365.19
2017-10-11,8.0,8.23,8.23,7.86,25477941.0,206107977.85
2017-10-12,8.15,8.11,8.2,7.98,15454653.0,125027986.74
2017-10-13,8.1,8.11,8.21,8.01,8519024.0,68943312.9
2017-10-16,8.11,7.98,8.11,7.85,12400202.0,99011221.14
2017-10-17,7.91,7.85,7.95,7.84,7476067.0,58972275.4
2017-10-18,7.85,7.46,7.89,7.44,14842673.0,113639612.38
2017-10-19,7.44,7.19,7.44,7.15,11870752.0,86496549.89
2017-10-20,7.15,7.29,7.3,7.14,5952969.0,43137314.41
2017-10-23,7.3,7.22,7.3,7.16,5649784.0,40775290.2
2017-10-24,7.22,7.22,7.3,7.18,5285207.0,38233273.2
2017-10-25,7.24,7.41,7.58,7.19,9231408.0,68097292.54
2017-10-26,7.41,7.49,7.59,7.36,10697959.0,80115863.33
2017-10-27,7.44,7.28,7.46,7.25,8417622.0,61785802.53
2017-10-30,7.26,6.98,7.28,6.96,8383818.0,59109076.08
2017-10-31,6.93,7.03,7.05,6.89,5371105.0,37532291.97
2017-11-01,7.06,6.98,7.11,6.97,4609860.0,32461171.98
2017-11-02,6.93,6.9,6.96,6.85,5429676.0,37461431.57
2017-11-03,6.87,6.72,6.91,6.65,6891001.0,46553308.22
2017-11-06,6.72,6.83,6.83,6.68,4772963.0,32220490.63
2017-11-07,6.8,6.88,6.93,6.72,5180818.0,35384598.84
2017-11-08,6.85,6.89,6.94,6.81,4486454.0,30878440.74
2017-11-09,6.9,6.97,6.98,6.86,5189059.0,35954573.49
2017-11-10,6.98,6.83,6.98,6.79,5984271.0,41070020.99
2017-11-13,6.77,6.85,6.86,6.73,5073851.0,34500967.77
2017-11-14,6.85,6.71,6.85,6.7,5642412.0,38151150.41
2017-11-15,6.67,6.58,6.71,6.55,5691243.0,37654312.0
2017-11-16,6.58,6.58,6.58,6.58,0.0,0.0
2017-11-17,6.58,6.58,6.58,6.58,0.0,0.0
2017-11-20,6.58,6.58,6.58,6.58,0.0,0.0
2017-11-21,6.58,6.58,6.58,6.58,0.0,0.0
2017-11-22,6.58,6.58,6.58,6.58,0.0,0.0
2017-11-23,6.58,6.58,6.58,6.58,0.0,0.0
2017-11-24,6.58,6.58,6.58,6.58,0.0,0.0
2017-11-27,6.58,6.58,6.58,6.58,0.0,0.0
2017-11-28,6.58,6.58,6.58,6.58,0.0,0.0
2017-11-29,6.58,6.58,6.58,6.58,0.0,0.0
2017-11-30,6.58,6.58,6.58,6.58,0.0,0.0
2017-12-01,6.58,6.58,6.58,6.58,0.0,0.0
2017-12-04,6.58,6.58,6.58,6.58,0.0,0.0
2017-12-05,6.58,6.58,6.58,6.58,0.0,0.0
2017-12-06,6.58,6.58,6.58,6.58,0.0,0.0
2017-12-07,6.58,6.58,6.58,6.58,0.0,0.0
2017-12-08,6.58,6.58,6.58,6.58,0.0,0.0
2017-12-11,6.58,6.58,6.58,6.58,0.0,0.0
2017-12-12,6.58,6.58,6.58,6.58,0.0,0.0
2017-12-13,6.58,6.58,6.58,6.58,0.0,0.0
2017-12-14,6.58,6.58,6.58,6.58,0.0,0.0
2017-12-15,6.58,6.58,6.58,6.58,0.0,0.0
2017-12-18,6.58,6.58,6.58,6.58,0.0,0.0
2017-12-19,6.58,6.58,6.58,6.58,0.0,0.0
2017-12-20,6.58,6.58,6.58,6.58,0.0,0.0
2017-12-21,6.58,6.58,6.58,6.58,0.0,0.0
2017-12-22,6.58,6.58,6.58,6.58,0.0,0.0
2017-12-25,6.58,6.58,6.58,6.58,0.0,0.0
2017-12-26,6.58,6.58,6.58,6.58,0.0,0.0
2017-12-27,6.58,6.58,6.58,6.58,0.0,0.0
2017-12-28,6.58,6.58,6.58,6.58,0.0,0.0
2017-12-29,6.58,6.58,6.58,6.58,0.0,0.0
2018-01-02,6.58,6.58,6.58,6.58,0.0,0.0
2018-01-03,6.58,6.58,6.58,6.58,0.0,0.0
2018-01-04,6.58,6.58,6.58,6.58,0.0,0.0
2018-01-05,6.58,6.58,6.58,6.58,0.0,0.0
2018-01-08,6.58,6.58,6.58,6.58,0.0,0.0
2018-01-09,6.58,6.58,6.58,6.58,0.0,0.0
2018-01-10,6.58,6.58,6.58,6.58,0.0,0.0
2018-01-11,6.58,6.58,6.58,6.58,0.0,0.0
2018-01-12,6.58,6.58,6.58,6.58,0.0,0.0
2018-01-15,6.58,6.58,6.58,6.58,0.0,0.0
2018-01-16,6.58,6.58,6.58,6.58,0.0,0.0
2018-01-17,6.58,6.58,6.58,6.58,0.0,0.0
2018-01-18,6.58,6.58,6.58,6.58,0.0,0.0
2018-01-19,6.58,6.58,6.58,6.58,0.0,0.0
2018-01-22,6.58,6.58,6.58,6.58,0.0,0.0
2018-01-23,6.58,6.58,6.58,6.58,0.0,0.0
2018-01-24,6.58,6.58,6.58,6.58,0.0,0.0
2018-01-25,6.58,6.58,6.58,6.58,0.0,0.0
2018-01-26,6.58,6.58,6.58,6.58,0.0,0.0
2018-01-29,6.58,6.58,6.58,6.58,0.0,0.0
2018-01-30,6.58,6.58,6.58,6.58,0.0,0.0
2018-01-31,6.58,6.58,6.58,6.58,0.0,0.0
2018-02-01,6.58,6.58,6.58,6.58,0.0,0.0
2018-02-02,6.58,6.58,6.58,6.58,0.0,0.0
2018-02-05,6.58,6.58,6.58,6.58,0.0,0.0
2018-02-06,6.58,6.58,6.58,6.58,0.0,0.0
2018-02-07,6.58,6.58,6.58,6.58,0.0,0.0
2018-02-08,6.58,6.58,6.58,6.58,0.0,0.0
2018-02-09,6.58,6.58,6.58,6.58,0.0,0.0
2018-02-12,6.58,6.58,6.58,6.58,0.0,0.0
2018-02-13,6.58,6.58,6.58,6.58,0.0,0.0
2018-02-14,6.58,6.58,6.58,6.58,0.0,0.0
2018-02-22,6.58,6.58,6.58,6.58,0.0,0.0
2018-02-23,6.58,6.58,6.58,6.58,0.0,0.0
2018-02-26,6.58,6.58,6.58,6.58,0.0,0.0
2018-02-27,6.58,6.58,6.58,6.58,0.0,0.0
2018-02-28,6.58,6.58,6.58,6.58,0.0,0.0
2018-03-01,6.37,6.47,6.85,6.11,10704636.0,68284004.17
2018-03-02,6.32,6.16,6.39,6.14,9915136.0,62186404.35
2018-03-05,6.12,6.18,6.23,6.12,4777988.0,29559990.73
2018-03-06,6.21,6.8,6.8,6.14,25790701.0,170651454.14
2018-03-07,6.73,6.56,6.73,6.51,20995509.0,138546256.49
2018-03-08,6.48,6.52,6.63,6.46,10398718.0,67993849.0
2018-03-09,6.49,6.53,6.56,6.41,9363828.0,60694071.7
2018-03-12,6.53,6.63,6.69,6.51,13131723.0,86792603.78
2018-03-13,6.59,6.59,6.66,6.57,7910707.0,52274122.93
2018-03-14,6.59,6.71,6.83,6.59,13983897.0,93558362.8
2018-03-15,6.68,6.53,6.69,6.37,9359674.0,61476444.99
2018-03-16,6.49,6.46,6.55,6.44,5034089.0,32701457.62
2018-03-19,6.42,6.45,6.51,6.39,4112820.0,26494743.98
2018-03-20,6.37,6.36,6.43,6.32,5078496.0,32279553.96
2018-03-21,6.36,6.33,6.44,6.32,5170211.0,32992418.65
2018-03-22,6.33,6.32,6.42,6.3,4554861.0,28971597.99
2018-03-23,6.17,5.69,6.17,5.69,12460982.0,73553870.8
2018-03-26,5.31,5.62,5.67,5.31,6102559.0,33654087.68
2018-03-27,5.68,5.74,5.84,5.67,5686167.0,32622875.68
2018-03-28,5.59,5.64,5.71,5.54,4456067.0,25170573.71
2018-03-29,5.65,5.78,5.78,5.64,5543479.0,31713480.0
2018-03-30,5.81,5.79,5.84,5.75,5570811.0,32259148.46
2018-04-02,5.81,5.78,5.87,5.78,6530855.0,37921704.54
2018-04-03,5.74,5.68,5.74,5.64,4998473.0,28399356.24
2018-04-04,5.68,5.73,5.81,5.68,4835754.0,27878783.2
2018-04-09,5.72,5.85,5.89,5.7,7146172.0,41737079.92
2018-04-10,6.29,6.44,6.44,6.27,27020415.0,172474510.67
2018-04-11,6.91,6.56,6.91,6.38,47245653.0,312204363.89
2018-04-12,6.37,6.18,6.47,6.18,23016605.0,145302382.42
2018-04-13,6.34,6.36,6.56,6.34,22360835.0,143853547.56
2018-04-16,6.07,6.18,6.18,5.95,16527879.0,100188204.45
2018-04-17,6.28,6.27,6.56,6.19,21569750.0,136835088.67
2018-04-18,6.34,6.14,6.37,5.94,15664821.0,95860117.84
2018-04-19,6.44,6.48,6.63,6.25,34227020.0,221390121.33
2018-04-20,6.17,6.09,6.22,6.03,23349793.0,142767982.38
2018-04-23,5.98,5.81,5.98,5.78,12041032.0,70384537.96
2018-04-24,5.53,5.8,5.8,5.51,9497179.0,53963985.48
2018-04-25,5.71,5.72,5.75,5.68,5518775.0,31565676.0
2018-04-26,5.73,5.55,5.77,5.47,6446449.0,36245465.14
2018-04-27,5.58,5.49,5.58,5.44,5267347.0,28913680.6
2018-05-02,5.5,5.41,5.55,5.38,4584313.0,24892984.99
2018-05-03,5.42,5.57,5.64,5.34,7343987.0,40515482.09
2018-05-04,5.49,5.5,5.55,5.45,4744099.0,26100454.46
2018-05-07,5.5,5.57,5.58,5.5,3746984.0,20841027.11
2018-05-08,5.59,5.63,5.68,5.53,5562160.0,31200423.0
2018-05-09,5.6,5.58,5.61,5.55,3858415.0,21504333.56
2018-05-10,5.55,5.63,5.67,5.55,4824470.0,27058033.1
2018-05-11,5.66,5.64,5.72,5.61,6536127.0,37023842.0
2018-05-14,5.61,5.52,5.65,5.5,3890255.0,21677757.0
2018-05-15,5.59,5.63,5.64,5.5,3937622.0,21948465.0
2018-05-16,5.59,5.52,5.6,5.52,4070839.0,22589577.0
2018-05-17,5.51,5.53,5.55,5.49,3460185.0,19119001.25
2018-05-18,5.52,5.57,5.57,5.45,3767075.0,20757047.12
2018-05-21,5.68,5.77,5.98,5.6,14022030.0,80696736.33
2018-05-22,5.76,5.73,5.76,5.66,7219727.0,41222129.48
2018-05-23,5.69,5.56,5.71,5.56,5671056.0,31916957.61
2018-05-24,5.56,5.53,5.62,5.53,2736949.0,15249583.96
2018-05-25,5.56,5.51,5.58,5.48,3377994.0,18649273.06
2018-05-28,5.5,5.4,5.5,5.4,3033376.0,16496444.0
2018-05-29,5.37,5.35,5.4,5.3,3547667.0,18968838.0
2018-05-30,5.31,4.93,5.31,4.81,6234882.0,31374202.0
2018-05-31,4.94,4.99,5.04,4.94,3532048.0,17611031.0
2018-06-01,4.94,4.96,5.04,4.93,3245503.0,16142033.88
2018-06-04,4.98,5.06,5.2,4.93,5089877.0,25744374.06
2018-06-05,5.02,5.04,5.07,5.0,3303130.0,16619302.61
2018-06-06,5.05,5.07,5.11,5.01,3567445.0,18049929.0
2018-06-07,5.09,5.04,5.15,5.03,3564054.0,18106381.89
2018-06-08,5.0,4.91,5.02,4.87,3573648.0,17553976.98
2018-06-11,4.91,4.89,4.94,4.87,2064411.0,10124617.0
2018-06-12,4.87,4.83,4.9,4.71,4003225.0,19198415.34
2018-06-13,4.79,4.63,4.8,4.62,4147707.0,19551882.87
2018-06-14,4.64,4.66,4.7,4.61,2543807.0,11846678.52
2018-06-15,4.64,4.55,4.68,4.41,4278679.0,19358314.0
2018-06-19,4.41,4.09,4.41,4.09,5248689.0,22203452.06
2018-06-20,3.97,4.13,4.15,3.96,4923464.0,19974199.94
2018-06-21,4.13,4.12,4.23,4.07,4334327.0,17963938.05
2018-06-22,4.09,4.2,4.21,3.99,3440612.0,14199818.8
2018-06-25,4.23,4.15,4.27,4.13,2624796.0,11026959.17
2018-06-26,4.09,4.19,4.27,4.03,3306472.0,13727590.48
2018-06-27,4.19,4.16,4.2,4.13,2012905.0,8386676.0
2018-06-28,4.19,4.14,4.24,4.13,2803897.0,11751988.29
2018-06-29,4.14,4.25,4.26,4.12,4906893.0,20719654.0
2018-07-02,4.23,4.14,4.26,4.07,3280250.0,13729418.98
2018-07-03,4.13,4.2,4.21,4.11,2954449.0,12311485.24
2018-07-04,4.19,4.11,4.23,4.1,3044602.0,12671105.01
2018-07-05,4.1,3.93,4.14,3.93,3150275.0,12701111.6
2018-07-06,3.95,3.97,4.02,3.85,3068285.0,12114554.17
2018-07-09,3.99,4.06,4.07,3.99,2365021.0,9539101.92
2018-07-10,4.08,4.12,4.15,4.07,2734253.0,11222647.48
2018-07-11,4.18,4.54,4.54,4.13,9942841.0,44304542.45
2018-07-12,4.57,4.68,4.76,4.47,25390804.0,117542693.24
2018-07-13,4.58,4.7,4.95,4.48,20389143.0,94983799.56
2018-07-16,4.52,4.46,4.59,4.43,11384812.0,51073766.34
2018-07-17,4.49,4.44,4.5,4.38,6991152.0,30880564.07
2018-07-18,4.43,4.4,4.44,4.38,5255800.0,23172814.0
2018-07-19,4.39,4.34,4.43,4.3,5179900.0,22536750.0
2018-07-20,4.35,4.41,4.41,4.24,5977904.0,25939184.34
2018-07-23,4.39,4.63,4.78,4.35,14516997.0,66214995.31
2018-07-24,4.57,4.7,4.87,4.55,15976083.0,75288014.14
2018-07-25,4.67,4.63,4.73,4.56,8500301.0,39355568.6
2018-07-26,4.63,4.63,4.69,4.59,5960546.0,27595507.6
2018-07-27,4.63,4.9,4.98,4.59,20703328.0,99931259.35
2018-07-30,4.9,4.9,4.97,4.75,13880153.0,67502603.27
2018-07-31,4.98,4.69,4.98,4.68,11474675.0,54792162.59
2018-08-01,4.7,4.54,4.76,4.53,6484717.0,30194198.39
2018-08-02,4.51,4.42,4.55,4.25,7631856.0,33537107.11
2018-08-03,4.4,4.39,4.51,4.34,4070388.0,18076026.54
2018-08-06,4.38,4.27,4.38,4.2,4368151.0,18763462.31
2018-08-07,4.25,4.42,4.44,4.25,4519122.0,19697083.93
2018-08-08,4.4,4.45,4.49,4.37,5027999.0,22296990.5
2018-08-09,4.52,4.9,4.9,4.52,14835431.0,71281112.9
2018-08-10,5.04,4.89,5.17,4.86,35530464.0,177870108.97
2018-08-13,4.69,4.77,4.81,4.62,15021964.0,70778704.66
2018-08-14,4.7,4.69,4.75,4.65,9179318.0,43145113.3
2018-08-15,4.7,4.57,4.71,4.56,6521002.0,30147657.14
2018-08-16,4.49,4.5,4.61,4.4,5821400.0,26259457.72
2018-08-17,4.51,4.6,4.62,4.45,6473200.0,29367351.0
2018-08-20,4.59,4.79,4.85,4.57,13569152.0,64204922.48
2018-08-21,4.79,4.76,4.86,4.71,11168223.0,53382320.92
2018-08-22,4.72,4.8,4.85,4.66,11443684.0,54591987.68
2018-08-23,4.8,4.74,4.8,4.66,7488102.0,35407181.14
2018-08-24,4.72,4.63,4.77,4.6,6887600.0,32228783.0
2018-08-27,4.63,4.73,4.76,4.63,5731300.0,26966780.0
2018-08-28,4.74,4.88,4.97,4.67,17218034.0,83626460.9
2018-08-29,4.82,4.81,4.89,4.76,9337602.0,44874691.58
2018-08-30,4.77,4.69,4.83,4.67,7522200.0,35617032.0
2018-08-31,4.66,4.52,4.69,4.5,6890400.0,31467750.0
2018-09-03,4.5,4.54,4.55,4.4,4623000.0,20674983.0
2018-09-04,4.55,4.61,4.63,4.5,4134100.0,18909776.0
2018-09-05,4.58,4.52,4.6,4.48,5049800.0,22853706.0
2018-09-06,4.47,4.46,4.55,4.44,4239402.0,19004274.9
2018-09-07,4.44,4.42,4.53,4.41,3851100.0,17149265.0
2018-09-10,4.43,4.27,4.43,4.25,4292200.0,18542690.0
2018-09-11,4.26,4.3,4.33,4.24,2937400.0,12594477.0
2018-09-12,4.28,4.31,4.34,4.26,2187300.0,9419965.0
2018-09-13,4.31,4.31,4.31,4.31,0.0,0.0
2018-09-14,4.31,4.31,4.31,4.31,0.0,0.0
2018-09-17,4.31,4.31,4.31,4.31,0.0,0.0
2018-09-18,4.31,4.31,4.31,4.31,0.0,0.0
2018-09-19,4.31,4.31,4.31,4.31,0.0,0.0
2018-09-20,4.31,4.31,4.31,4.31,0.0,0.0
2018-09-21,4.31,4.31,4.31,4.31,0.0,0.0
2018-09-25,4.6,4.39,4.6,4.38,6230420.0,27848552.58
2018-09-26,4.37,4.38,4.43,4.35,3293400.0,14455460.0
2018-09-27,4.37,4.22,4.39,4.22,4090200.0,17588041.0
2018-09-28,4.22,4.31,4.31,4.22,2683202.0,11416844.46
2018-10-08,4.28,4.33,4.5,4.18,8143000.0,35727936.0
2018-10-09,4.27,4.39,4.44,4.25,5270232.0,22905908.84
2018-10-10,4.38,4.37,4.42,4.31,3142516.0,13674866.21
2018-10-11,4.29,3.95,4.29,3.93,6757600.0,27489873.0
2018-10-12,3.88,3.86,3.95,3.61,5606860.0,21497486.0
2018-10-15,3.91,3.78,3.91,3.78,2800700.0,10781648.0
2018-10-16,3.79,3.74,3.88,3.7,2062900.0,7822465.0
2018-10-17,3.81,3.8,3.88,3.75,1891900.0,7175077.0
2018-10-18,3.78,3.69,3.79,3.65,2731200.0,10096104.0
2018-10-19,3.61,3.75,3.76,3.61,2993910.0,11089079.4
2018-10-22,3.88,3.91,4.03,3.76,4631001.0,17973566.87
2018-10-23,3.89,3.8,3.91,3.77,3144201.0,12086968.8
2018-10-24,3.8,3.85,3.88,3.77,2735389.0,10469967.76
2018-10-25,3.72,3.78,3.81,3.66,4040689.0,15053520.75
2018-10-26,3.85,4.11,4.16,3.81,25348629.0,103518554.81
2018-10-29,3.98,3.86,4.14,3.84,16093563.0,63414491.84
2018-10-30,3.88,3.89,3.94,3.75,10121814.0,39009075.18
2018-10-31,3.81,3.92,3.99,3.77,12624303.0,48962642.76
2018-11-01,3.89,3.89,3.97,3.82,9210766.0,35979690.38
2018-11-02,3.92,4.0,4.02,3.91,9708728.0,38395471.98
2018-11-05,3.98,4.0,4.02,3.94,7367628.0,29304938.94
2018-11-06,3.99,3.96,3.99,3.9,5333128.0,21002998.2
2018-11-07,3.96,3.99,4.06,3.95,8923700.0,35780924.0
2018-11-08,4.03,3.99,4.05,3.96,6292906.0,25207911.06
2018-11-09,3.96,3.93,4.0,3.91,4343706.0,17148567.46
2018-11-12,3.92,4.05,4.06,3.91,6862643.0,27563947.2
2018-11-13,3.98,4.17,4.25,3.97,13236610.0,54719678.49
2018-11-14,4.2,4.13,4.25,4.13,10230000.0,42764298.5
2018-11-15,4.15,4.19,4.22,4.12,5479100.0,22877640.0
2018-11-16,4.19,4.22,4.25,4.17,7465790.0,31439233.8
2018-11-19,4.22,4.22,4.23,4.12,6069806.0,25378672.26
2018-11-20,4.18,4.08,4.22,4.08,7189400.0,29846064.0
2018-11-21,4.02,4.17,4.17,4.0,5727963.0,23404624.67
2018-11-22,4.12,4.14,4.18,4.11,5142701.0,21288143.41
2018-11-23,4.14,3.94,4.16,3.89,7464380.0,29889109.12
2018-11-26,3.91,3.93,3.96,3.89,2613200.0,10255728.0
2018-11-27,3.95,3.95,3.98,3.87,3183300.0,12529432.0
2018-11-28,3.95,3.97,3.97,3.84,3286100.0,12879223.0
2018-11-29,3.98,3.91,4.13,3.9,7121400.0,28646351.0
2018-11-30,3.92,3.97,3.98,3.85,3449700.0,13533222.0
2018-12-03,4.03,4.1,4.1,4.02,5398604.0,21987454.32
2018-12-04,4.1,4.14,4.14,4.07,5796173.0,23843264.1
2018-12-05,4.04,4.14,4.23,4.03,6583500.0,27251436.0
2018-12-06,4.07,4.06,4.16,4.05,4595700.0,18808715.0
2018-12-07,4.06,4.07,4.12,4.06,2655680.0,10849897.4
2018-12-10,4.08,3.96,4.08,3.95,3430500.0,13743868.2
2018-12-11,3.99,4.02,4.04,3.99,1933850.0,7763978.5
2018-12-12,4.03,4.04,4.07,4.02,1972800.0,7964273.0
2018-12-13,4.02,4.04,4.09,3.96,3841310.0,15496716.4
2018-12-14,4.0,3.9,4.03,3.87,4779000.0,18801035.0
2018-12-17,3.88,3.88,3.9,3.81,2497000.0,9637254.37
2018-12-18,3.85,3.88,3.91,3.82,2459300.0,9496614.98
2018-12-19,3.86,3.83,3.89,3.81,2017603.0,7747679.43
2018-12-20,3.83,3.85,3.87,3.82,1776263.0,6824219.29
2018-12-21,3.85,3.79,3.85,3.76,2686002.0,10211656.54
2018-12-24,3.77,3.82,3.82,3.74,2694700.0,10187504.96
2018-12-25,3.76,3.73,3.76,3.64,3530570.0,13047849.1
2018-12-26,3.73,3.73,3.76,3.7,2066103.0,7696790.19
2018-12-27,3.78,3.7,3.81,3.69,2538720.0,9529488.7
2018-12-28,3.7,3.69,3.74,3.68,1890800.0,6988752.0
2019-01-02,3.35,3.32,3.49,3.32,13482591.0,45341905.27
2019-01-03,3.28,3.3,3.35,3.23,6323200.0,20836600.0
2019-01-04,3.27,3.38,3.39,3.24,6909804.0,23074203.96
2019-01-07,3.38,3.48,3.53,3.36,6811104.0,23533241.56
2019-01-08,3.5,3.51,3.55,3.46,4880204.0,17112289.88
2019-01-09,3.53,3.47,3.53,3.46,4901938.0,17162683.99
2019-01-10,3.47,3.47,3.54,3.45,4176952.0,14623083.48
2019-01-11,3.48,3.59,3.78,3.47,10128396.0,36649939.07
2019-01-14,3.6,3.5,3.61,3.5,6803109.0,24007467.73
2019-01-15,3.51,3.52,3.55,3.47,3589764.0,12593577.28
2019-01-16,3.52,3.54,3.56,3.5,3777052.0,13314377.52
2019-01-17,3.53,3.51,3.61,3.48,5730600.0,20295025.48
2019-01-18,3.5,3.67,3.84,3.49,15414006.0,56818212.6
2019-01-21,3.61,3.69,3.69,3.57,11798107.0,42723660.38
2019-01-22,3.66,3.57,3.66,3.56,7894023.0,28470717.26
2019-01-23,3.57,3.52,3.63,3.5,4844475.0,17167931.39
2019-01-24,3.52,3.53,3.56,3.5,3890302.0,13739496.87
2019-01-25,3.53,3.44,3.54,3.4,4947739.0,17201009.59
2019-01-28,3.46,3.42,3.51,3.41,3951091.0,13702072.2
2019-01-29,3.4,3.3,3.45,3.22,4344542.0,14382217.46
2019-01-30,3.29,3.26,3.34,3.24,2274299.0,7480675.71
2019-01-31,3.26,3.08,3.28,3.02,7026300.0,22059652.0
2019-02-01,3.07,3.24,3.26,3.07,4854492.0,15467873.64
2019-02-11,3.26,3.33,3.34,3.26,4069167.0,13470052.43
2019-02-12,3.32,3.39,3.4,3.31,3698813.0,12463277.55
2019-02-13,3.38,3.58,3.66,3.37,10523645.0,36961859.86
2019-02-14,3.75,3.52,3.75,3.48,11384487.0,40618670.5
2019-02-15,3.5,3.48,3.54,3.46,5663791.0,19782156.67
2019-02-18,3.49,3.58,3.6,3.49,7674065.0,27278410.85
2019-02-19,3.6,3.6,3.68,3.54,8600826.0,31021833.17
2019-02-20,3.61,3.65,3.73,3.58,9337101.0,34085295.28
2019-02-21,3.63,3.65,3.8,3.56,13007564.0,47561902.1
2019-02-22,3.65,3.67,3.68,3.55,9420542.0,34077762.14
2019-02-25,3.68,3.89,3.92,3.68,17576413.0,66956987.42
2019-02-26,3.96,3.95,4.12,3.83,21460737.0,85367425.2
2019-02-27,3.94,4.0,4.08,3.91,14739998.0,58671528.52
2019-02-28,3.93,3.95,4.01,3.91,10765818.0,42603190.66
2019-03-01,3.94,3.93,3.98,3.85,9607281.0,37656274.82
2019-03-04,3.94,4.32,4.32,3.94,31774922.0,133909587.58
2019-03-05,4.39,4.35,4.39,4.17,36431936.0,156313321.11
2019-03-06,4.32,4.36,4.38,4.19,33208515.0,142726947.03
2019-03-07,4.33,4.47,4.62,4.28,32061083.0,143149581.17
2019-03-08,4.3,4.12,4.35,4.12,21144694.0,89637422.88
2019-03-11,4.1,4.23,4.24,4.06,13141885.0,54732031.86
2019-03-12,4.26,4.28,4.37,4.21,17033463.0,73201198.05
2019-03-13,4.29,4.24,4.36,4.21,13698005.0,58946956.7
2019-03-14,4.19,4.1,4.28,4.05,9735599.0,40259854.94
2019-03-15,4.14,4.17,4.22,4.1,7383137.0,30682291.55
2019-03-18,4.18,4.27,4.28,4.15,9699800.0,40981067.01
2019-03-19,4.28,4.3,4.35,4.19,10706720.0,45603107.92
2019-03-20,4.29,4.26,4.34,4.18,12458508.0,52967488.39
2019-03-21,4.25,4.32,4.36,4.24,14972937.0,64711690.47
2019-03-22,4.31,4.28,4.31,4.19,9888602.0,42031928.46
2019-03-25,4.23,4.2,4.27,4.17,9181161.0,38625531.37
2019-03-26,4.21,4.06,4.23,4.04,7991177.0,32894089.62
2019-03-27,4.07,4.04,4.11,3.99,6871078.0,27708207.24
2019-03-28,4.03,3.98,4.08,3.97,5370100.0,21557054.0
2019-03-29,3.98,4.08,4.08,3.9,7526301.0,30174071.0
2019-04-01,4.08,4.3,4.3,4.07,18271188.0,77153509.99
2019-04-02,4.34,4.3,4.37,4.24,13314130.0,57096336.07
2019-04-03,4.3,4.33,4.34,4.25,11770164.0,50725279.18
2019-04-04,4.4,4.33,4.52,4.28,17968501.0,78786977.12
2019-04-08,4.34,4.46,4.66,4.33,29713990.0,133137419.84
2019-04-09,4.37,4.35,4.39,4.27,14532557.0,62883754.96
2019-04-10,4.33,4.36,4.37,4.24,11890411.0,51201563.51
2019-04-11,4.36,4.25,4.36,4.24,8889203.0,38235633.91
2019-04-12,4.21,4.23,4.25,4.15,7289100.0,30647785.0
2019-04-15,4.29,4.19,4.32,4.19,8026120.0,34261803.4
2019-04-16,4.17,4.31,4.39,4.1,17394220.0,74258077.51
2019-04-17,4.3,4.33,4.37,4.25,13343701.0,57653243.39
2019-04-18,4.31,4.32,4.41,4.3,11019607.0,47869435.24
2019-04-19,4.26,4.37,4.37,4.24,11551807.0,49861017.45
2019-04-22,4.39,4.4,4.5,4.35,16642502.0,73614183.85
2019-04-23,4.37,4.15,4.39,4.07,17022153.0,71697853.75
2019-04-24,4.14,4.19,4.22,4.11,9650767.0,40144848.81
2019-04-25,4.17,3.99,4.22,3.96,12162001.0,49689098.97
2019-04-26,3.99,3.86,3.99,3.8,10965747.0,42379761.18
2019-04-29,3.85,3.68,3.85,3.6,9327959.0,34678448.52
2019-04-30,3.64,3.73,3.77,3.62,5376041.0,20033157.11
2019-05-06,3.58,3.45,3.69,3.36,9086700.0,32010853.0
2019-05-07,3.47,3.46,3.52,3.38,6458253.0,22344834.13
2019-05-08,3.42,3.44,3.5,3.35,5303000.0,18293984.0
2019-05-09,3.4,3.42,3.46,3.4,3101200.0,10639459.0
2019-05-10,3.44,3.52,3.54,3.4,7365160.0,25739722.2
2019-05-13,3.48,3.53,3.58,3.47,4935571.0,17468679.74
2019-05-14,3.48,3.49,3.55,3.48,3355081.0,11797227.51
2019-05-15,3.54,3.56,3.59,3.51,4730301.0,16805451.53
2019-05-16,3.58,3.92,3.92,3.57,11170378.0,42929477.99
2019-05-17,3.96,3.73,4.02,3.67,22158279.0,84789012.07
2019-05-20,3.61,3.68,3.74,3.42,14301300.0,50958009.0
2019-05-21,3.6,3.76,3.83,3.54,14165079.0,52668362.01
2019-05-22,3.72,3.63,3.75,3.6,10269869.0,37631117.11
2019-05-23,3.57,3.51,3.61,3.46,7632788.0,26962663.64
2019-05-24,3.46,3.52,3.59,3.46,5093411.0,18027859.16
2019-05-27,3.53,3.67,3.85,3.47,8537102.0,31236442.32
2019-05-28,3.64,3.61,3.78,3.58,8281910.0,30194867.0
2019-05-29,3.57,3.65,3.72,3.55,6153592.0,22502766.82
2019-05-30,3.64,3.71,3.72,3.6,8315486.0,30500913.48
2019-05-31,3.69,3.63,3.75,3.63,6790400.0,25001096.0
2019-06-03,3.63,3.57,3.66,3.56,4806679.0,17269475.52
2019-06-04,3.52,3.41,3.54,3.35,7301085.0,25155169.67
2019-06-05,3.45,3.41,3.48,3.41,3733969.0,12873598.69
2019-06-06,3.41,3.36,3.44,3.36,3721752.0,12634087.0
2019-06-10,3.36,3.41,3.43,3.36,3535692.0,12025015.12
2019-06-11,3.44,3.55,3.56,3.41,4853202.0,17040720.99
2019-06-12,3.56,3.57,3.65,3.52,5523659.0,19774040.53
2019-06-13,3.53,3.59,3.6,3.52,4178920.0,14900854.87
2019-06-14,3.59,3.51,3.62,3.49,3617000.0,12865241.0
2019-06-17,3.54,3.56,3.69,3.49,4463480.0,15979902.2
2019-06-18,3.52,3.49,3.55,3.44,3295257.0,11468835.05
2019-06-19,3.53,3.53,3.59,3.5,3752710.0,13289549.63
2019-06-20,3.5,3.59,3.6,3.5,5351987.0,19058649.01
2019-06-21,3.65,3.65,3.68,3.59,6247607.0,22768423.08
2019-06-24,3.63,3.7,3.74,3.63,5717099.0,21135613.78
2019-06-25,3.67,3.65,3.7,3.61,4767201.0,17398919.66
2019-06-26,3.67,3.65,3.68,3.62,3116698.0,11405573.72
2019-06-27,3.68,3.67,3.7,3.62,4009443.0,14681035.01
2019-06-28,3.68,3.57,3.69,3.5,4577900.0,16383365.0
2019-07-01,3.64,3.64,3.64,3.58,4762000.0,17238445.0
2019-07-02,3.64,3.66,3.67,3.61,4261721.0,15570358.44
2019-07-03,3.62,3.61,3.66,3.58,3529200.0,12721641.0
2019-07-04,3.62,3.55,3.64,3.54,2661518.0,9513661.28
2019-07-05,3.55,3.56,3.59,3.53,2005341.0,7139647.15
2019-07-08,3.56,3.41,3.57,3.38,4700711.0,16137253.49
2019-07-09,3.4,3.47,3.47,3.39,2181840.0,7491247.41
2019-07-10,3.46,3.42,3.46,3.4,1684382.0,5779059.52
2019-07-11,3.43,3.43,3.49,3.4,2224400.0,7656966.0
2019-07-12,3.4,3.45,3.47,3.39,2549983.0,8755015.25
2019-07-15,3.47,3.47,3.49,3.39,10488600.0,36248285.0
2019-07-16,3.44,3.46,3.54,3.42,3453474.0,11989460.49
2019-07-17,3.47,3.5,3.5,3.45,3104800.0,10814319.0
2019-07-18,3.48,3.43,3.49,3.42,2666400.0,9209941.5
2019-07-19,3.43,3.47,3.49,3.42,3637122.0,12604756.32
2019-07-22,3.46,3.33,3.47,3.3,5134405.0,17256342.59
2019-07-23,3.35,3.35,3.36,3.31,1997525.0,6671406.55
2019-07-24,3.35,3.34,3.39,3.31,3269100.0,10972267.0
2019-07-25,3.36,3.31,3.36,3.29,3684494.0,12179586.27
2019-07-26,3.3,3.31,3.32,3.28,2431465.0,8014509.5
2019-07-29,3.25,3.26,3.29,3.24,3193701.0,10430570.25
2019-07-30,3.25,3.26,3.3,3.25,2267493.0,7425544.11
2019-07-31,3.25,3.2,3.25,3.19,2967100.0,9532857.0
2019-08-01,3.21,3.19,3.22,3.16,2177360.0,6942202.6
2019-08-02,3.14,3.12,3.14,3.09,3374260.0,10512383.6
2019-08-05,3.09,3.11,3.15,3.06,2426401.0,7562814.1
2019-08-06,3.08,2.99,3.09,2.91,5628867.0,16809789.22
2019-08-07,3.0,3.01,3.04,2.94,4437200.0,13267727.0
2019-08-08,3.01,2.99,3.03,2.97,3968600.0,11899949.0
2019-08-09,3.0,2.92,3.02,2.9,4479600.0,13269469.0
2019-08-12,2.93,2.97,2.97,2.9,2241556.0,6591184.08
2019-08-13,2.96,2.99,3.0,2.93,3198250.0,9524403.0
2019-08-14,3.02,2.98,3.03,2.98,2932100.0,8813142.0
2019-08-15,2.93,3.01,3.01,2.85,4212100.0,12306701.0
2019-08-16,2.95,3.03,3.04,2.94,3822000.0,11512940.0
2019-08-19,3.01,3.1,3.1,3.0,5046891.0,15366596.68
2019-08-20,3.09,3.12,3.27,3.07,10147723.0,32003611.06
2019-08-21,3.08,3.06,3.11,3.05,4549650.0,13981077.5
2019-08-22,3.04,3.09,3.1,3.04,3822650.0,11748640.5
2019-08-23,3.08,3.06,3.11,3.05,2578201.0,7939608.09
2019-08-26,3.01,3.1,3.12,2.99,4877800.0,14978760.0
2019-08-27,3.11,3.12,3.14,3.08,4467400.0,13895792.0
2019-08-28,3.12,3.15,3.17,3.09,4903571.0,15409087.56
2019-08-29,3.15,3.17,3.23,3.14,5896558.0,18823740.86
2019-08-30,3.22,3.12,3.22,3.1,4815400.0,15191354.0
2019-09-02,3.12,3.2,3.21,3.12,5297349.0,16889647.82
2019-09-03,3.23,3.19,3.25,3.18,3522425.0,11278980.53
2019-09-04,3.19,3.24,3.27,3.18,4759000.0,15387216.0
2019-09-05,3.26,3.26,3.3,3.22,5361700.0,17553861.0
2019-09-06,3.28,3.26,3.29,3.24,3512720.0,11458250.0
2019-09-09,3.3,3.36,3.51,3.25,12360441.0,41558983.93
2019-09-10,3.32,3.35,3.36,3.31,7380052.0,24542520.64
2019-09-11,3.33,3.31,3.36,3.31,5217190.0,17373671.7
2019-09-12,3.33,3.33,3.34,3.3,3922710.0,13039566.1
2019-09-16,3.33,3.33,3.37,3.31,3969883.0,13249285.39
2019-09-17,3.33,3.23,3.34,3.2,4236300.0,13799527.0
2019-09-18,3.24,3.18,3.25,3.18,3277600.0,10537553.0
2019-09-19,3.19,3.27,3.27,3.17,4783800.0,15424588.0
2019-09-20,3.26,3.23,3.28,3.21,4150600.0,13433822.0
2019-09-23,3.21,3.19,3.21,3.16,2881491.0,9161514.07
2019-09-24,3.19,3.26,3.36,3.16,8112460.0,26333301.3
2019-09-25,3.23,3.33,3.35,3.17,12724411.0,41653135.69
2019-09-26,3.2,3.17,3.26,3.12,8889413.0,28474471.64
2019-09-27,3.1,3.04,3.1,2.97,9397341.0,28563492.23
2019-09-30,3.04,2.98,3.04,2.98,4120943.0,12357064.59
2019-10-08,2.98,2.99,3.03,2.98,2652248.0,7954707.52
2019-10-09,2.95,3.02,3.02,2.95,2126540.0,6369041.0
2019-10-10,3.02,3.06,3.07,3.0,3253301.0,9906162.05
2019-10-11,3.06,3.09,3.12,3.05,4105100.0,12654139.0
2019-10-14,3.12,3.17,3.18,3.1,4105643.0,12919605.42
2019-10-15,3.16,3.17,3.21,3.12,5701102.0,18058413.3
2019-10-16,3.15,3.11,3.21,3.1,3733700.0,11758492.0
2019-10-17,3.1,3.12,3.15,3.08,2660048.0,8273634.8
2019-10-18,3.13,3.08,3.13,3.05,2671600.0,8239165.0
2019-10-21,3.05,3.03,3.08,3.01,2923943.0,8869784.3
2019-10-22,3.03,3.0,3.03,2.98,7625200.0,22866883.0
2019-10-23,3.01,2.98,3.01,2.97,5721200.0,17119138.0
2019-10-24,2.98,2.98,3.01,2.96,4369270.0,13028689.3
2019-10-25,2.98,3.03,3.1,2.96,9577410.0,29015522.7
2019-10-28,3.0,3.05,3.06,2.99,7638902.0,23182927.68
2019-10-29,3.05,3.03,3.06,3.01,5217452.0,15809331.04
2019-10-30,3.01,2.96,3.02,2.96,3937300.0,11774262.0
2019-10-31,2.98,2.91,2.98,2.91,3703200.0,10908428.0
2019-11-01,2.91,2.97,2.99,2.89,4100600.0,12064166.0
2019-11-04,3.01,2.99,3.02,2.97,3621509.0,10829200.73
2019-11-05,2.99,3.02,3.05,2.98,8310300.0,25035550.88
2019-11-06,3.02,3.02,3.03,2.99,4038713.0,12141261.25
2019-11-07,3.01,3.0,3.02,2.96,3518101.0,10533247.99
2019-11-08,3.01,2.99,3.02,2.98,5303006.0,15905216.0
2019-11-11,2.99,2.92,2.99,2.9,5283913.0,15513562.82
2019-11-12,2.93,2.98,2.98,2.88,5332770.0,15615475.15
2019-11-13,2.98,2.97,2.98,2.93,3127659.0,9259906.97
2019-11-14,3.18,3.03,3.27,3.03,26475572.0,84260366.16
2019-11-15,2.92,2.81,2.95,2.78,22389920.0,63771964.0
2019-11-18,2.79,2.78,2.79,2.73,7359595.0,20368027.37
2019-11-19,2.79,2.81,2.82,2.75,4810268.0,13456796.04
2019-11-20,2.8,2.8,2.84,2.79,4060400.0,11416890.0
2019-11-21,2.8,2.81,2.85,2.77,4972611.0,13951700.7
2019-11-22,2.81,2.85,2.88,2.79,6601701.0,18712760.81
2019-11-25,2.84,2.95,3.02,2.83,10862676.0,31785016.66
2019-11-26,2.97,2.92,2.97,2.87,6863270.0,19939650.0
2019-11-27,2.89,2.87,2.91,2.87,4258700.0,12283640.0
2019-11-28,2.86,2.84,2.89,2.83,3856600.0,11009569.0
2019-11-29,2.84,2.82,2.85,2.79,4843710.0,13632163.0
2019-12-02,2.83,2.84,2.87,2.81,4019800.0,11427841.0
2019-12-03,2.82,2.83,2.83,2.77,5502705.0,15412275.53
2019-12-04,2.81,2.82,2.86,2.8,5705303.0,16126791.61
2019-12-05,2.83,2.85,2.86,2.82,3618900.0,10275428.53
2019-12-06,2.85,2.86,2.86,2.83,3409900.0,9717840.0
2019-12-09,2.87,2.87,2.88,2.84,4037701.0,11549883.86
2019-12-10,2.86,2.87,2.92,2.85,4195501.0,12086835.87
2019-12-11,2.87,2.85,2.88,2.84,2930418.0,8371474.31
2019-12-12,2.86,2.83,2.86,2.82,4055900.0,11506018.0
2019-12-13,2.83,2.86,2.87,2.83,3361201.0,9583664.85
2019-12-16,2.86,2.89,2.91,2.84,4459575.0,12823474.5
2019-12-17,2.89,2.93,2.96,2.89,8377199.0,24546114.85
2019-12-18,2.93,2.95,2.97,2.92,6459013.0,19001653.21
2019-12-19,2.93,2.97,2.98,2.93,5354385.0,15871790.6
2019-12-20,2.97,2.94,3.02,2.94,5554502.0,16514114.94
2019-12-23,2.92,2.89,2.96,2.88,4897100.0,14308835.0
2019-12-24,2.89,2.99,3.0,2.89,10934700.0,32360135.0
2019-12-25,2.97,2.95,2.98,2.92,6103578.0,17989380.32
2019-12-26,2.93,2.99,2.99,2.92,7619000.0,22600723.0
2019-12-27,2.98,3.01,3.1,2.96,13492450.0,40952231.0
2019-12-30,3.0,3.04,3.05,2.95,10247351.0,30730508.53
2019-12-31,3.03,3.1,3.26,3.03,23009638.0,71864717.15
2020-01-02,3.13,3.11,3.18,3.08,17339489.0,54108238.35
2020-01-03,3.1,3.13,3.18,3.08,14268223.0,44443997.5
2020-01-06,3.44,3.44,3.44,3.44,11521588.0,39634262.72
2020-01-07,3.78,3.78,3.78,3.78,3858738.0,14586029.64
2020-01-08,4.16,4.16,4.16,4.1,58080804.0,241566708.04
2020-01-09,4.58,4.58,4.58,4.52,47541556.0,217708994.48
2020-01-10,4.65,4.12,4.65,4.12,109438246.0,472758912.63
2020-01-13,3.96,3.98,4.05,3.87,70739798.0,279992238.83
2020-01-14,4.05,3.89,4.14,3.88,64092362.0,256819228.24
2020-01-15,3.77,3.74,3.82,3.57,44161660.0,163410943.39
2020-01-16,3.73,3.76,3.78,3.66,26174869.0,97183472.69
2020-01-17,3.79,3.64,3.81,3.61,25122780.0,92878797.68
2020-01-20,3.59,3.68,3.72,3.57,22506900.0,82138844.0
2020-01-21,3.65,3.55,3.67,3.55,20704202.0,74465044.15
2020-01-22,3.58,3.69,3.84,3.43,37446027.0,136948966.31
2020-01-23,3.6,3.5,3.67,3.45,24329197.0,86520309.96
2020-02-03,3.15,3.15,3.17,3.15,8415700.0,26513047.0
2020-02-04,3.11,3.47,3.47,3.11,22967507.0,77512941.1
2020-02-05,3.8,3.82,3.82,3.68,36670670.0,138816126.84
2020-02-06,3.7,4.18,4.2,3.59,103050861.0,413068226.57
2020-02-07,3.98,4.01,4.2,3.87,76008246.0,304790153.6
2020-02-10,4.01,4.34,4.35,3.91,77310020.0,324272546.4
2020-02-11,4.19,4.27,4.7,4.01,71825142.0,302387960.34
2020-02-12,4.1,4.16,4.29,4.05,48938607.0,205223040.79
2020-02-13,4.11,4.05,4.2,3.98,50309924.0,204778252.92
2020-02-14,4.02,3.9,4.1,3.89,39141448.0,155870302.3
2020-02-17,3.84,3.99,4.02,3.84,36515348.0,143898038.86
2020-02-18,4.05,4.11,4.19,4.0,49630098.0,204044116.3
2020-02-19,4.07,4.52,4.52,4.07,85584048.0,382511037.57
2020-02-20,4.61,4.97,4.97,4.36,96666505.0,457399910.52
2020-02-21,5.28,5.47,5.47,5.21,35630396.0,192282937.11
2020-02-24,6.02,6.02,6.02,5.78,32744723.0,196343836.37
2020-02-25,6.01,6.62,6.62,5.81,121359994.0,782293690.88
2020-02-26,7.02,7.28,7.28,6.62,187613940.0,1341865626.76
2020-02-27,7.6,6.55,7.88,6.55,151964822.0,1056277338.81
2020-02-28,5.9,5.9,5.9,5.9,6738600.0,39757740.0
2020-03-02,5.6,5.83,6.47,5.31,148851135.0,849161822.57
2020-03-03,5.76,5.8,6.15,5.57,132684854.0,780436467.57
2020-03-04,5.5,5.98,5.99,5.43,104508051.0,602713889.38
2020-03-05,6.06,6.33,6.55,5.81,138601394.0,852827211.22
2020-03-06,5.99,6.01,6.3,5.84,105958197.0,640012989.82
2020-03-09,5.67,5.41,5.8,5.41,76933246.0,428332546.24
2020-03-10,5.08,5.74,5.84,4.9,93167195.0,496862671.7
2020-03-11,5.64,5.33,5.69,5.3,67871946.0,374883993.93
2020-03-12,5.12,5.13,5.37,5.04,45638397.0,236550340.86
2020-03-13,4.77,4.97,5.06,4.72,51272257.0,250758129.57
2020-03-16,5.02,4.52,5.09,4.5,51577999.0,246699177.49
2020-03-17,4.65,4.71,4.8,4.44,51805180.0,241453675.13
2020-03-18,4.73,4.7,4.95,4.66,48068679.0,229424033.74
2020-03-19,4.65,4.85,4.85,4.6,46002455.0,219172353.13
2020-03-20,5.02,4.88,5.14,4.87,54615290.0,272916915.76
2020-03-23,4.63,4.5,4.74,4.47,40710924.0,188276266.57
2020-03-24,4.64,4.71,4.76,4.47,36757313.0,169926338.96
2020-03-25,4.98,4.92,5.1,4.85,51488744.0,255306057.03
2020-03-26,4.83,4.92,5.13,4.8,53616843.0,267315966.01
2020-03-27,4.95,4.64,5.0,4.64,42182345.0,201933655.83
2020-03-30,4.52,4.39,4.59,4.35,29905500.0,132170849.0
2020-03-31,4.46,4.31,4.55,4.3,28372469.0,124754547.99
2020-04-01,4.35,4.34,4.48,4.31,25867701.0,113641308.34
2020-04-02,4.27,4.56,4.57,4.2,36316810.0,160861245.9
2020-04-03,4.57,4.42,4.59,4.4,24942100.0,111317321.0
2020-04-07,4.54,4.64,4.68,4.47,40338800.0,184354547.99
2020-04-08,4.59,4.59,4.71,4.55,33070813.0,152520150.91
2020-04-09,4.62,4.75,4.8,4.56,38021854.0,177005016.96
2020-04-10,4.7,4.39,4.72,4.39,37935600.0,171628682.0
2020-04-13,4.33,4.36,4.42,4.25,14451800.0,62792287.0
2020-04-14,4.44,4.8,4.8,4.43,31085700.0,145048552.0
2020-04-15,5.04,5.02,5.27,4.92,108624321.0,554016422.99
2020-04-16,4.93,5.52,5.52,4.93,58333480.0,310064860.08
2020-04-17,5.72,5.25,5.9,5.23,120973189.0,668121637.6
2020-04-20,5.12,5.2,5.38,5.07,60552199.0,313809382.97
2020-04-21,5.1,5.04,5.1,4.92,46790634.0,234257900.5
2020-04-22,4.86,5.1,5.18,4.86,41698412.0,210404605.08
2020-04-23,5.11,4.88,5.13,4.87,41177176.0,204480320.12
2020-04-24,4.9,4.99,5.17,4.9,42867820.0,215780861.9
2020-04-27,4.88,4.68,4.98,4.67,35856945.0,172898986.22
2020-04-28,4.81,4.61,4.85,4.21,36703320.0,169407410.68
2020-04-29,4.54,4.46,4.67,4.45,26582578.0,120591156.3
2020-04-30,4.58,4.73,4.87,4.58,42280653.0,199929818.39
2020-05-06,4.69,4.85,4.87,4.63,32824793.0,156527507.0
2020-05-07,4.85,4.77,4.92,4.76,27314047.0,131555107.53
2020-05-08,4.63,4.64,4.74,4.59,36157433.0,168421432.15
2020-05-11,4.67,4.53,4.7,4.5,26932907.0,123078845.55
2020-05-12,4.57,4.65,4.67,4.41,26582910.0,120904345.3
2020-05-13,4.58,4.57,4.59,4.52,15318042.0,69865712.9
2020-05-14,4.53,4.45,4.54,4.45,16176039.0,72489115.43
2020-05-15,4.48,4.46,4.51,4.45,12838422.0,57480849.4
2020-05-18,4.45,4.37,4.46,4.35,15303723.0,67339706.6
2020-05-19,4.42,4.44,4.57,4.41,17505233.0,78353041.79
2020-05-20,4.45,4.46,4.54,4.36,20147935.0,90264848.69
2020-05-21,4.49,4.26,4.49,4.26,23000223.0,99795591.7
2020-05-22,4.26,4.15,4.29,4.1,15849000.0,66483290.52
2020-05-25,4.17,4.35,4.45,4.13,21314233.0,91533254.04
2020-05-26,4.32,4.44,4.47,4.3,23780197.0,104725694.11
2020-05-27,4.48,4.32,4.53,4.32,24728360.0,109759984.52
2020-05-28,4.2,4.26,4.35,4.18,19588700.0,83335298.63
2020-05-29,4.27,4.2,4.32,4.19,14381100.0,60988122.0
2020-06-01,4.21,4.4,4.52,4.2,25774699.0,112193328.99
2020-06-02,4.48,4.41,4.54,4.38,25732700.0,114315742.0
2020-06-03,4.41,4.36,4.45,4.34,17574718.0,76858869.36
2020-06-04,4.38,4.35,4.43,4.33,14077102.0,61581896.72
2020-06-05,4.38,4.34,4.41,4.3,11841915.0,51513898.4
2020-06-08,4.37,4.28,4.39,4.27,12411185.0,53657724.07
2020-06-09,4.34,4.41,4.55,4.34,29730183.0,131988775.69
2020-06-10,4.34,4.32,4.36,4.27,18276200.0,78645802.0
2020-06-11,4.43,4.75,4.75,4.41,94614220.0,441897627.07
2020-06-12,4.52,4.66,4.74,4.51,69211432.0,319493922.58
2020-06-15,4.58,4.46,4.63,4.4,41936301.0,188414278.47
2020-06-16,4.58,4.56,4.6,4.44,30708400.0,138473426.0
2020-06-17,4.53,4.44,4.53,4.41,28169600.0,125372150.0
2020-06-18,4.42,4.46,4.49,4.37,20283000.0,89964721.94
2020-06-19,4.44,4.47,4.49,4.4,19770901.0,88045574.85
2020-06-22,4.47,4.63,4.69,4.44,42688305.0,195586165.77
2020-06-23,4.58,4.55,4.63,4.52,22757205.0,103677998.84
2020-06-24,4.54,4.46,4.54,4.45,17009331.0,76118154.26
2020-06-29,4.44,4.31,4.44,4.27,20440702.0,88192865.64
2020-06-30,4.31,4.4,4.6,4.3,27822737.0,123722335.31
2020-07-01,4.56,4.52,4.7,4.47,45585507.0,208668476.67
2020-07-02,4.57,4.53,4.58,4.42,34309818.0,154401108.56
2020-07-03,4.65,4.78,4.8,4.58,64792126.0,306028328.76
2020-07-06,4.9,5.25,5.26,4.74,84878868.0,421613946.89
2020-07-07,5.39,5.17,5.7,5.02,102061968.0,543998034.38
2020-07-08,5.1,5.26,5.35,5.06,66362613.0,347303961.02
2020-07-09,5.17,5.42,5.6,5.14,83755381.0,443765855.65
2020-07-10,5.3,5.1,5.32,5.1,60171116.0,312773228.07
2020-07-13,5.02,5.24,5.25,5.02,59076904.0,305977300.39
2020-07-14,5.24,5.28,5.43,5.1,60655855.0,319097636.31
2020-07-15,5.4,4.97,5.45,4.93,48466239.0,250658973.86
2020-07-16,4.97,4.59,5.02,4.51,36872144.0,176783819.18
2020-07-17,4.59,4.51,4.65,4.44,23050607.0,104754960.01
2020-07-20,4.55,4.79,4.85,4.52,29538582.0,137888049.76
2020-07-21,4.9,4.72,4.9,4.68,23996506.0,113799562.49
2020-07-22,4.76,4.71,4.83,4.68,20761210.0,98652765.2
2020-07-23,4.69,4.65,4.69,4.51,21537288.0,99143584.72
2020-07-24,4.6,4.45,4.7,4.42,27656201.0,126212842.97
2020-07-27,4.43,4.52,4.55,4.43,13953790.0,62587824.6
2020-07-28,4.55,4.59,4.7,4.54,18936576.0,87424477.84
2020-07-29,4.55,4.67,4.7,4.48,19666200.0,90411656.0
2020-07-30,4.68,5.14,5.14,4.57,58137763.0,289760807.38
2020-07-31,5.14,5.21,5.4,5.04,103575815.0,540815714.8
2020-08-03,5.18,5.24,5.34,5.16,72686311.0,380252448.17
2020-08-04,5.25,5.5,5.76,5.11,101996795.0,547697542.83
2020-08-05,5.33,5.27,5.38,5.18,62457000.0,329566657.28
2020-08-06,5.3,5.15,5.3,5.07,46943692.0,242297716.68
2020-08-07,5.15,5.09,5.24,5.05,34228466.0,176068146.95
2020-08-10,5.1,5.25,5.38,4.97,48368940.0,252732985.98
2020-08-11,5.18,5.01,5.35,4.96,44668215.0,228833542.78
2020-08-12,4.95,5.12,5.18,4.92,33393592.0,167994836.49
2020-08-13,5.15,5.03,5.18,5.01,25482558.0,129759572.03
2020-08-14,5.02,4.97,5.03,4.83,24168972.0,119247588.12
2020-08-17,4.96,5.05,5.05,4.94,20561318.0,102914880.4
2020-08-18,5.1,5.21,5.35,5.04,43162406.0,222279538.92
2020-08-19,5.13,5.04,5.15,5.02,28403927.0,144371029.35
2020-08-20,4.96,4.91,5.01,4.9,17618810.0,87093204.7
2020-08-21,4.97,4.92,5.01,4.91,12918801.0,64081883.92
2020-08-24,4.92,4.94,4.95,4.81,13740193.0,67063648.45
2020-08-25,5.01,4.86,5.03,4.84,16393214.0,80455983.32
2020-08-26,4.84,4.67,4.85,4.65,20665014.0,98011867.54
2020-08-27,4.69,4.71,4.76,4.66,11492200.0,54191512.0
2020-08-28,4.6,4.51,4.7,4.35,30555108.0,136605551.87
2020-08-31,4.49,4.47,4.57,4.46,14331689.0,64653417.83
2020-09-01,4.47,4.54,4.55,4.42,12933405.0,58231061.42
2020-09-02,4.54,4.48,4.57,4.45,14360301.0,64457200.49
2020-09-03,4.48,4.38,4.48,4.37,14239102.0,62807351.72
2020-09-04,4.32,4.41,4.42,4.25,12039192.0,52305854.69
2020-09-07,4.38,4.32,4.46,4.3,11425001.0,49999792.41
2020-09-08,4.35,4.36,4.37,4.23,13642694.0,58602838.96
2020-09-09,4.29,4.29,4.41,4.27,13907745.0,60265091.63
2020-09-10,4.32,4.15,4.35,4.13,14933000.0,63165943.28
2020-09-11,4.15,4.2,4.24,4.13,8025807.0,33544345.4
2020-09-14,4.18,4.18,4.31,4.15,8788202.0,36938117.32
2020-09-15,4.2,4.24,4.27,4.17,10292652.0,43453967.46
2020-09-16,4.22,4.19,4.24,4.16,7167900.0,30055646.0
2020-09-17,4.19,4.15,4.21,4.13,7604702.0,31608911.28
2020-09-18,4.16,4.25,4.25,4.13,11434603.0,48006105.52
2020-09-21,4.24,4.2,4.28,4.18,9648872.0,40728937.68
2020-09-22,4.18,4.08,4.18,4.05,11964801.0,49384236.15
2020-09-23,4.1,4.08,4.13,4.06,6079294.0,24831978.58
2020-09-24,4.05,3.85,4.06,3.83,19544421.0,76529317.13
2020-09-25,3.86,3.74,3.89,3.62,18879411.0,70521126.49
2020-09-28,3.74,3.64,3.78,3.63,8314848.0,30685449.41
2020-09-29,3.66,3.76,3.85,3.65,15333462.0,57743047.29
2020-09-30,3.78,3.69,3.81,3.66,11000200.0,40944692.0
2020-10-09,3.75,3.8,3.9,3.73,15125573.0,57628897.44
2020-10-12,3.83,3.98,4.05,3.83,22769257.0,90070162.53
2020-10-13,4.0,3.95,4.01,3.9,12018300.0,47456133.0
2020-10-14,3.92,3.86,3.96,3.84,11076598.0,42930256.93
2020-10-15,3.86,3.86,3.92,3.82,12184801.0,47129624.83
2020-10-16,3.89,3.81,3.89,3.77,10716500.0,40917015.0
2020-10-19,3.85,3.81,3.9,3.79,11632861.0,44634581.2
2020-10-20,3.79,3.84,3.86,3.73,9472495.0,35970716.24
2020-10-21,3.86,3.78,3.86,3.76,8038601.0,30459982.83
2020-10-22,3.76,3.76,3.8,3.7,6637555.0,24903930.05
2020-10-23,3.81,3.71,3.81,3.69,7752824.0,28950444.27
2020-10-26,3.72,3.72,3.75,3.65,6938184.0,25761843.2
2020-10-27,3.7,3.67,3.74,3.62,6501455.0,23871887.75
2020-10-28,3.68,3.68,3.69,3.57,9523203.0,34625392.92
2020-10-29,3.63,3.65,3.69,3.6,8397101.0,30583491.65
2020-10-30,3.64,3.49,3.68,3.47,11832185.0,42360181.81
2020-11-02,3.51,3.5,3.56,3.44,8238172.0,28890490.48
2020-11-03,3.54,3.66,3.7,3.51,14402863.0,52363838.68
2020-11-04,3.67,3.67,3.76,3.64,12879600.0,47656839.34
2020-11-05,3.71,3.83,3.84,3.68,18150006.0,68394942.66
2020-11-06,3.83,3.76,3.88,3.73,13696200.0,51986590.99
2020-11-09,3.72,4.14,4.14,3.72,28648391.0,113294765.47
2020-11-10,4.18,4.19,4.42,4.14,77488724.0,330141037.27
2020-11-11,4.15,4.09,4.22,3.92,46274554.0,187746938.73
2020-11-12,4.07,3.96,4.08,3.94,28816510.0,115114484.77
2020-11-13,4.0,4.06,4.22,3.97,38299572.0,156534772.7
2020-11-16,4.03,4.25,4.28,3.99,54364085.0,227736692.88
2020-11-17,4.17,4.2,4.4,4.07,46800141.0,196111141.72
2020-11-18,4.17,4.41,4.48,4.1,64510956.0,278885474.89
2020-11-19,4.36,4.26,4.37,4.17,47844046.0,202787508.2
2020-11-20,4.21,4.37,4.45,4.11,55456286.0,238600824.09
2020-11-23,4.4,4.58,4.6,4.33,72776657.0,326169854.81
2020-11-24,4.5,4.71,4.98,4.4,89132871.0,411496617.07
2020-11-25,4.62,4.53,4.79,4.51,52299740.0,241817599.43
2020-11-26,4.5,4.43,4.55,4.33,35603077.0,157945471.95
2020-11-27,4.42,4.33,4.45,4.2,34079800.0,146986309.14
2020-11-30,4.35,4.4,4.65,4.3,44794501.0,200208585.7
2020-12-01,4.38,4.34,4.4,4.27,30352937.0,131502443.56
2020-12-02,4.37,4.31,4.55,4.31,32090198.0,140857152.24
2020-12-03,4.25,4.06,4.26,4.02,45644999.0,187423016.24
2020-12-04,4.04,4.13,4.14,4.0,24139186.0,98569164.5
2020-12-07,4.1,4.01,4.13,4.0,17757100.0,71861189.0
2020-12-08,4.0,4.01,4.06,3.95,13110713.0,52515785.98
2020-12-09,4.03,3.95,4.09,3.95,15359501.0,61660092.03
2020-12-10,4.0,3.85,4.01,3.85,17444016.0,67966339.6
2020-12-11,3.92,3.76,3.95,3.72,16917183.0,64308912.32
2020-12-14,3.74,3.8,3.81,3.68,10543852.0,39645215.08
2020-12-15,4.18,4.18,4.18,4.06,35579605.0,148555483.9
2020-12-16,4.05,3.87,4.12,3.86,48128952.0,191205293.68
2020-12-17,3.86,4.26,4.26,3.86,27789412.0,116559399.12
2020-12-18,4.69,4.69,4.69,4.69,16505907.0,77412703.83
2020-12-21,4.7,4.88,5.16,4.53,203233564.0,1007535222.37
2020-12-22,4.49,4.69,4.87,4.39,158998179.0,732511178.17
2020-12-23,4.55,4.63,4.77,4.41,119103070.0,544041197.79
2020-12-24,4.51,4.47,4.63,4.33,93911775.0,419417958.73
2020-12-25,4.4,4.92,4.92,4.4,100790449.0,470316408.37
2020-12-28,5.09,5.09,5.41,4.93,209311997.0,1094785361.93
2020-12-29,4.98,4.58,5.14,4.58,143757363.0,690346180.95
2020-12-30,4.43,4.5,4.69,4.38,94214433.0,429555851.16
2020-12-31,4.54,4.55,4.66,4.42,80518408.0,364734647.92
2021-01-04,4.75,4.7,5.0,4.67,105774048.0,505600814.03
2021-01-05,4.71,4.58,4.81,4.44,92752161.0,423986642.16
2021-01-06,4.52,4.3,4.6,4.28,73165809.0,319048030.86
2021-01-07,4.26,4.35,4.51,4.05,76309806.0,330103469.02
2021-01-08,4.25,4.08,4.28,4.06,52026617.0,214032579.02
2021-01-11,4.08,3.88,4.08,3.85,37756820.0,148556496.08
2021-01-12,3.89,3.96,4.01,3.86,26273809.0,103593300.37
2021-01-13,4.02,3.98,4.08,3.92,29619833.0,118557207.67
2021-01-14,3.99,3.8,4.0,3.77,30138121.0,115558643.03
2021-01-15,3.82,3.9,3.9,3.79,20607709.0,79058226.13
2021-01-18,3.9,3.94,4.0,3.85,19537500.0,76817328.0
2021-01-19,3.95,3.9,3.97,3.86,20287400.0,79249589.0
2021-01-20,3.9,3.94,3.96,3.86,20164101.0,79148229.92
2021-01-21,3.91,4.05,4.16,3.88,42900702.0,172832314.08
2021-01-22,4.01,3.91,4.01,3.88,29462101.0,115488405.9
2021-01-25,3.85,3.72,3.88,3.7,28975655.0,109067289.95
2021-01-26,3.73,3.62,3.76,3.6,17829245.0,65193442.5
2021-01-27,3.59,3.61,3.66,3.53,13894800.0,49903396.0
2021-01-28,3.56,3.58,3.64,3.52,12297100.0,44169133.0
2021-01-29,3.59,3.61,3.68,3.54,15173245.0,54761094.0
2021-02-01,3.63,3.65,3.67,3.58,12237701.0,44422815.61
2021-02-02,3.64,3.53,3.64,3.46,16584200.0,58442699.0
2021-02-03,3.53,3.58,3.7,3.47,17437112.0,62484039.85
2021-02-04,3.5,3.43,3.55,3.35,17185211.0,59372706.95
2021-02-05,3.45,3.42,3.58,3.4,14359945.0,50076675.15
2021-02-08,3.33,3.35,3.4,3.23,14450486.0,48173485.64
2021-02-09,3.36,3.44,3.5,3.35,14833910.0,50747977.4
2021-02-10,3.44,3.4,3.46,3.37,11496100.0,39130222.0
2021-02-18,3.59,3.63,3.64,3.52,25258218.0,90841657.59
2021-02-19,3.63,3.77,3.81,3.57,26612901.0,98863484.76
2021-02-22,3.8,3.91,4.07,3.8,52562663.0,208742145.4
2021-02-23,3.89,4.0,4.09,3.81,52198288.0,208815062.72
2021-02-24,3.92,3.91,4.03,3.85,35242648.0,137968656.51
2021-02-25,4.01,3.84,4.05,3.83,37769213.0,148929134.04
2021-02-26,3.69,3.82,3.94,3.6,31312612.0,119772146.04
2021-03-01,3.81,3.88,3.88,3.75,27744701.0,105584031.83
2021-03-02,3.86,3.73,3.86,3.7,22230922.0,83444695.44
2021-03-03,3.75,4.1,4.1,3.74,34544992.0,138013281.96
2021-03-04,4.12,4.08,4.25,4.03,81065200.0,334614702.99
2021-03-05,4.01,3.96,4.03,3.85,46015091.0,181280251.8
2021-03-08,4.0,3.88,4.11,3.88,31436591.0,124844554.73
2021-03-09,3.92,3.85,3.95,3.72,32645607.0,126092204.43
2021-03-10,3.91,3.84,3.93,3.77,20993721.0,80107691.64
2021-03-11,3.93,4.08,4.1,3.88,55394568.0,221592611.78
2021-03-12,4.0,4.0,4.08,3.94,41380186.0,165325333.25
2021-03-15,3.96,4.01,4.08,3.94,28623225.0,114878021.73
2021-03-16,4.02,4.17,4.41,3.97,71562639.0,303758236.1
2021-03-17,4.0,4.04,4.14,3.97,46921128.0,189004214.83
2021-03-18,4.05,4.03,4.14,3.97,37688869.0,152522849.62
2021-03-19,3.96,4.08,4.14,3.88,48639046.0,196072421.99
